source,periodType,date,instrument,period,price,ws
OCEAN,Spot,2025-07-21,TD3C,2025-07-01,11.2934,52.35
OCEAN,Balmo,2025-07-21,TD3C,2025-07-01,11.57,53.59
OCEAN,Months,2025-07-21,TD3C,2025-07-01,11.11,51.5
OCEAN,Months,2025-07-21,TD3C,2025-08-01,12.08,56.0
OCEAN,Months,2025-07-21,TD3C,2025-09-01,12.62,58.5
OCEAN,Spot,2025-07-21,TD20,2025-07-01,14.668,86.39
OCEAN,Balmo,2025-07-21,TD20,2025-07-01,13.96,82.24
OCEAN,Months,2025-07-21,TD20,2025-07-01,14.05,82.75
OCEAN,Months,2025-07-21,TD20,2025-08-01,13.75,81.0
OCEAN,Months,2025-07-21,TD20,2025-09-01,13.75,81.0
OCEAN,Spot,2025-07-21,TD22,2025-07-01,27.41,7.4
OCEAN,Balmo,2025-07-21,TD22,2025-07-01,27.3611,7.3875
OCEAN,Months,2025-07-21,TD22,2025-07-01,27.037,7.3
OCEAN,Months,2025-07-21,TD22,2025-08-01,26.2963,7.1
OCEAN,Months,2025-07-21,TD22,2025-09-01,25.5556,6.9
OCEAN,Spot,2025-07-21,TD25,2025-07-01,23.92,111.09
OCEAN,Balmo,2025-07-21,TD25,2025-07-01,25.39,117.93
OCEAN,Months,2025-07-21,TD25,2025-07-01,26.82,124.59
OCEAN,Months,2025-07-21,TD25,2025-08-01,27.58,128.09
OCEAN,Months,2025-07-21,TD25,2025-09-01,26.93,125.09
OCEAN,Months,2025-07-21,TD3C,2025-10-01,13.81,64.0
OCEAN,Months,2025-07-21,TD3C,2025-11-01,13.81,64.0
OCEAN,Months,2025-07-21,TD3C,2025-12-01,13.81,64.0
OCEAN,Months,2025-07-21,TD3C,2026-01-01,12.5,57.92
OCEAN,Months,2025-07-21,TD3C,2026-02-01,12.5,57.92
OCEAN,Months,2025-07-21,TD3C,2026-03-01,12.5,57.92
OCEAN,Months,2025-07-21,TD3C,2026-04-01,11.9,55.14
OCEAN,Months,2025-07-21,TD3C,2026-05-01,11.9,55.14
OCEAN,Months,2025-07-21,TD3C,2026-06-01,11.9,55.14
OCEAN,Months,2025-07-21,TD20,2025-10-01,14.94,88.0
OCEAN,Months,2025-07-21,TD20,2025-11-01,14.94,88.0
OCEAN,Months,2025-07-21,TD20,2025-12-01,14.94,88.0
OCEAN,Months,2025-07-21,TD20,2026-01-01,14.08,82.92
OCEAN,Months,2025-07-21,TD20,2026-02-01,14.08,82.92
OCEAN,Months,2025-07-21,TD20,2026-03-01,14.08,82.92
OCEAN,Months,2025-07-21,TD20,2026-04-01,12.05,70.97
OCEAN,Months,2025-07-21,TD20,2026-05-01,12.05,70.97
OCEAN,Months,2025-07-21,TD20,2026-06-01,12.05,70.97
OCEAN,Months,2025-07-21,TD22,2025-10-01,29.6296,8.0
OCEAN,Months,2025-07-21,TD22,2025-11-01,29.6296,8.0
OCEAN,Months,2025-07-21,TD22,2025-12-01,29.6296,8.0
OCEAN,Months,2025-07-21,TD22,2026-01-01,26.8519,7.25
OCEAN,Months,2025-07-21,TD22,2026-02-01,26.8519,7.25
OCEAN,Months,2025-07-21,TD22,2026-03-01,26.8519,7.25
OCEAN,Months,2025-07-21,TD22,2026-04-01,25.5556,6.9
OCEAN,Months,2025-07-21,TD22,2026-05-01,25.5556,6.9
OCEAN,Months,2025-07-21,TD22,2026-06-01,25.5556,6.9
OCEAN,Months,2025-07-21,TD25,2025-10-01,29.08,135.09
OCEAN,Months,2025-07-21,TD25,2025-11-01,29.08,135.09
OCEAN,Months,2025-07-21,TD25,2025-12-01,29.08,135.09
OCEAN,Months,2025-07-21,TD25,2026-01-01,26.36,122.43
OCEAN,Months,2025-07-21,TD25,2026-02-01,26.36,122.43
OCEAN,Months,2025-07-21,TD25,2026-03-01,26.36,122.43
OCEAN,Months,2025-07-21,TD25,2026-04-01,24.06,111.75
OCEAN,Months,2025-07-21,TD25,2026-05-01,24.06,111.75
OCEAN,Months,2025-07-21,TD25,2026-06-01,24.06,111.75
OCEAN,Months,2025-07-21,TD3C,2026-07-01,11.7,54.22
OCEAN,Months,2025-07-21,TD3C,2026-08-01,11.7,54.22
OCEAN,Months,2025-07-21,TD3C,2026-09-01,11.7,54.22
OCEAN,Months,2025-07-21,TD3C,2026-10-01,11.7,54.22
OCEAN,Months,2025-07-21,TD3C,2026-11-01,11.7,54.22
OCEAN,Months,2025-07-21,TD3C,2026-12-01,11.7,54.22
OCEAN,Months,2025-07-21,TD3C,2027-01-01,11.0,50.97
OCEAN,Months,2025-07-21,TD3C,2027-02-01,11.0,50.97
OCEAN,Months,2025-07-21,TD3C,2027-03-01,11.0,50.97
OCEAN,Months,2025-07-21,TD3C,2027-04-01,11.0,50.97
OCEAN,Months,2025-07-21,TD3C,2027-05-01,11.0,50.97
OCEAN,Months,2025-07-21,TD3C,2027-06-01,11.0,50.97
OCEAN,Months,2025-07-21,TD3C,2027-07-01,11.0,50.97
OCEAN,Months,2025-07-21,TD3C,2027-08-01,11.0,50.97
OCEAN,Months,2025-07-21,TD3C,2027-09-01,11.0,50.97
OCEAN,Months,2025-07-21,TD3C,2027-10-01,11.0,50.97
OCEAN,Months,2025-07-21,TD3C,2027-11-01,11.0,50.97
OCEAN,Months,2025-07-21,TD3C,2027-12-01,11.0,50.97
OCEAN,Months,2025-07-21,TD20,2026-07-01,12.57,74.03
OCEAN,Months,2025-07-21,TD20,2026-08-01,12.57,74.03
OCEAN,Months,2025-07-21,TD20,2026-09-01,12.57,74.03
OCEAN,Months,2025-07-21,TD20,2026-10-01,12.57,74.03
OCEAN,Months,2025-07-21,TD20,2026-11-01,12.57,74.03
OCEAN,Months,2025-07-21,TD20,2026-12-01,12.57,74.03
OCEAN,Months,2025-07-21,TD20,2027-01-01,11.5,67.73
OCEAN,Months,2025-07-21,TD20,2027-02-01,11.5,67.73
OCEAN,Months,2025-07-21,TD20,2027-03-01,11.5,67.73
OCEAN,Months,2025-07-21,TD20,2027-04-01,11.5,67.73
OCEAN,Months,2025-07-21,TD20,2027-05-01,11.5,67.73
OCEAN,Months,2025-07-21,TD20,2027-06-01,11.5,67.73
OCEAN,Months,2025-07-21,TD20,2027-07-01,11.5,67.73
OCEAN,Months,2025-07-21,TD20,2027-08-01,11.5,67.73
OCEAN,Months,2025-07-21,TD20,2027-09-01,11.5,67.73
OCEAN,Months,2025-07-21,TD20,2027-10-01,11.5,67.73
OCEAN,Months,2025-07-21,TD20,2027-11-01,11.5,67.73
OCEAN,Months,2025-07-21,TD20,2027-12-01,11.5,67.73
OCEAN,Months,2025-07-21,TD22,2026-07-01,25.9259,7.0
OCEAN,Months,2025-07-21,TD22,2026-08-01,25.9259,7.0
OCEAN,Months,2025-07-21,TD22,2026-09-01,25.9259,7.0
OCEAN,Months,2025-07-21,TD22,2026-10-01,25.9259,7.0
OCEAN,Months,2025-07-21,TD22,2026-11-01,25.9259,7.0
OCEAN,Months,2025-07-21,TD22,2026-12-01,25.9259,7.0
OCEAN,Months,2025-07-21,TD22,2027-01-01,24.4444,6.6
OCEAN,Months,2025-07-21,TD22,2027-02-01,24.4444,6.6
OCEAN,Months,2025-07-21,TD22,2027-03-01,24.4444,6.6
OCEAN,Months,2025-07-21,TD22,2027-04-01,24.4444,6.6
OCEAN,Months,2025-07-21,TD22,2027-05-01,24.4444,6.6
OCEAN,Months,2025-07-21,TD22,2027-06-01,24.4444,6.6
OCEAN,Months,2025-07-21,TD22,2027-07-01,24.4444,6.6
OCEAN,Months,2025-07-21,TD22,2027-08-01,24.4444,6.6
OCEAN,Months,2025-07-21,TD22,2027-09-01,24.4444,6.6
OCEAN,Months,2025-07-21,TD22,2027-10-01,24.4444,6.6
OCEAN,Months,2025-07-21,TD22,2027-11-01,24.4444,6.6
OCEAN,Months,2025-07-21,TD22,2027-12-01,24.4444,6.6
OCEAN,Months,2025-07-21,TD25,2026-07-01,23.96,111.28
OCEAN,Months,2025-07-21,TD25,2026-08-01,23.96,111.28
OCEAN,Months,2025-07-21,TD25,2026-09-01,23.96,111.28
OCEAN,Months,2025-07-21,TD25,2026-10-01,23.96,111.28
OCEAN,Months,2025-07-21,TD25,2026-11-01,23.96,111.28
OCEAN,Months,2025-07-21,TD25,2026-12-01,23.96,111.28
OCEAN,Months,2025-07-21,TD25,2027-01-01,22.56,104.78
OCEAN,Months,2025-07-21,TD25,2027-02-01,22.56,104.78
OCEAN,Months,2025-07-21,TD25,2027-03-01,22.56,104.78
OCEAN,Months,2025-07-21,TD25,2027-04-01,22.56,104.78
OCEAN,Months,2025-07-21,TD25,2027-05-01,22.56,104.78
OCEAN,Months,2025-07-21,TD25,2027-06-01,22.56,104.78
OCEAN,Months,2025-07-21,TD25,2027-07-01,22.56,104.78
OCEAN,Months,2025-07-21,TD25,2027-08-01,22.56,104.78
OCEAN,Months,2025-07-21,TD25,2027-09-01,22.56,104.78
OCEAN,Months,2025-07-21,TD25,2027-10-01,22.56,104.78
OCEAN,Months,2025-07-21,TD25,2027-11-01,22.56,104.78
OCEAN,Months,2025-07-21,TD25,2027-12-01,22.56,104.78
OCEAN,Spot,2025-07-22,TD3C,2025-07-01,10.8943,50.5
OCEAN,Balmo,2025-07-22,TD3C,2025-07-01,11.66,54.04
OCEAN,Months,2025-07-22,TD3C,2025-07-01,11.11,51.5
OCEAN,Months,2025-07-22,TD3C,2025-08-01,11.65,54.0
OCEAN,Months,2025-07-22,TD3C,2025-09-01,12.52,58.0
OCEAN,Spot,2025-07-22,TD20,2025-07-01,14.2886,84.17
OCEAN,Balmo,2025-07-22,TD20,2025-07-01,14.06,82.78
OCEAN,Months,2025-07-22,TD20,2025-07-01,14.09,83.0
OCEAN,Months,2025-07-22,TD20,2025-08-01,13.58,80.0
OCEAN,Months,2025-07-22,TD20,2025-09-01,13.58,80.0
OCEAN,Spot,2025-07-22,TD22,2025-07-01,27.22,7.35
OCEAN,Balmo,2025-07-22,TD22,2025-07-01,27.381,7.3929
OCEAN,Months,2025-07-22,TD22,2025-07-01,27.037,7.3
OCEAN,Months,2025-07-22,TD22,2025-08-01,26.2963,7.1
OCEAN,Months,2025-07-22,TD22,2025-09-01,25.5556,6.9
OCEAN,Spot,2025-07-22,TD25,2025-07-01,23.93,111.15
OCEAN,Balmo,2025-07-22,TD25,2025-07-01,25.58,118.8
OCEAN,Months,2025-07-22,TD25,2025-07-01,26.73,124.15
OCEAN,Months,2025-07-22,TD25,2025-08-01,28.24,131.15
OCEAN,Months,2025-07-22,TD25,2025-09-01,27.16,126.15
OCEAN,Months,2025-07-22,TD3C,2025-10-01,13.6,63.0
OCEAN,Months,2025-07-22,TD3C,2025-11-01,13.6,63.0
OCEAN,Months,2025-07-22,TD3C,2025-12-01,13.6,63.0
OCEAN,Months,2025-07-22,TD3C,2026-01-01,12.5,57.92
OCEAN,Months,2025-07-22,TD3C,2026-02-01,12.5,57.92
OCEAN,Months,2025-07-22,TD3C,2026-03-01,12.5,57.92
OCEAN,Months,2025-07-22,TD3C,2026-04-01,11.9,55.14
OCEAN,Months,2025-07-22,TD3C,2026-05-01,11.9,55.14
OCEAN,Months,2025-07-22,TD3C,2026-06-01,11.9,55.14
OCEAN,Months,2025-07-22,TD20,2025-10-01,14.94,88.0
OCEAN,Months,2025-07-22,TD20,2025-11-01,14.94,88.0
OCEAN,Months,2025-07-22,TD20,2025-12-01,14.94,88.0
OCEAN,Months,2025-07-22,TD20,2026-01-01,14.08,82.92
OCEAN,Months,2025-07-22,TD20,2026-02-01,14.08,82.92
OCEAN,Months,2025-07-22,TD20,2026-03-01,14.08,82.92
OCEAN,Months,2025-07-22,TD20,2026-04-01,12.05,70.97
OCEAN,Months,2025-07-22,TD20,2026-05-01,12.05,70.97
OCEAN,Months,2025-07-22,TD20,2026-06-01,12.05,70.97
OCEAN,Months,2025-07-22,TD22,2025-10-01,29.6296,8.0
OCEAN,Months,2025-07-22,TD22,2025-11-01,29.6296,8.0
OCEAN,Months,2025-07-22,TD22,2025-12-01,29.6296,8.0
OCEAN,Months,2025-07-22,TD22,2026-01-01,26.8519,7.25
OCEAN,Months,2025-07-22,TD22,2026-02-01,26.8519,7.25
OCEAN,Months,2025-07-22,TD22,2026-03-01,26.8519,7.25
OCEAN,Months,2025-07-22,TD22,2026-04-01,25.5556,6.9
OCEAN,Months,2025-07-22,TD22,2026-05-01,25.5556,6.9
OCEAN,Months,2025-07-22,TD22,2026-06-01,25.5556,6.9
OCEAN,Months,2025-07-22,TD25,2025-10-01,29.1,135.15
OCEAN,Months,2025-07-22,TD25,2025-11-01,29.1,135.15
OCEAN,Months,2025-07-22,TD25,2025-12-01,29.1,135.15
OCEAN,Months,2025-07-22,TD25,2026-01-01,26.38,122.52
OCEAN,Months,2025-07-22,TD25,2026-02-01,26.38,122.52
OCEAN,Months,2025-07-22,TD25,2026-03-01,26.38,122.52
OCEAN,Months,2025-07-22,TD25,2026-04-01,24.08,111.84
OCEAN,Months,2025-07-22,TD25,2026-05-01,24.08,111.84
OCEAN,Months,2025-07-22,TD25,2026-06-01,24.08,111.84
OCEAN,Months,2025-07-22,TD3C,2026-07-01,11.7,54.22
OCEAN,Months,2025-07-22,TD3C,2026-08-01,11.7,54.22
OCEAN,Months,2025-07-22,TD3C,2026-09-01,11.7,54.22
OCEAN,Months,2025-07-22,TD3C,2026-10-01,11.7,54.22
OCEAN,Months,2025-07-22,TD3C,2026-11-01,11.7,54.22
OCEAN,Months,2025-07-22,TD3C,2026-12-01,11.7,54.22
OCEAN,Months,2025-07-22,TD3C,2027-01-01,11.0,50.97
OCEAN,Months,2025-07-22,TD3C,2027-02-01,11.0,50.97
OCEAN,Months,2025-07-22,TD3C,2027-03-01,11.0,50.97
OCEAN,Months,2025-07-22,TD3C,2027-04-01,11.0,50.97
OCEAN,Months,2025-07-22,TD3C,2027-05-01,11.0,50.97
OCEAN,Months,2025-07-22,TD3C,2027-06-01,11.0,50.97
OCEAN,Months,2025-07-22,TD3C,2027-07-01,11.0,50.97
OCEAN,Months,2025-07-22,TD3C,2027-08-01,11.0,50.97
OCEAN,Months,2025-07-22,TD3C,2027-09-01,11.0,50.97
OCEAN,Months,2025-07-22,TD3C,2027-10-01,11.0,50.97
OCEAN,Months,2025-07-22,TD3C,2027-11-01,11.0,50.97
OCEAN,Months,2025-07-22,TD3C,2027-12-01,11.0,50.97
OCEAN,Months,2025-07-22,TD20,2026-07-01,12.57,74.03
OCEAN,Months,2025-07-22,TD20,2026-08-01,12.57,74.03
OCEAN,Months,2025-07-22,TD20,2026-09-01,12.57,74.03
OCEAN,Months,2025-07-22,TD20,2026-10-01,12.57,74.03
OCEAN,Months,2025-07-22,TD20,2026-11-01,12.57,74.03
OCEAN,Months,2025-07-22,TD20,2026-12-01,12.57,74.03
OCEAN,Months,2025-07-22,TD20,2027-01-01,11.5,67.73
OCEAN,Months,2025-07-22,TD20,2027-02-01,11.5,67.73
OCEAN,Months,2025-07-22,TD20,2027-03-01,11.5,67.73
OCEAN,Months,2025-07-22,TD20,2027-04-01,11.5,67.73
OCEAN,Months,2025-07-22,TD20,2027-05-01,11.5,67.73
OCEAN,Months,2025-07-22,TD20,2027-06-01,11.5,67.73
OCEAN,Months,2025-07-22,TD20,2027-07-01,11.5,67.73
OCEAN,Months,2025-07-22,TD20,2027-08-01,11.5,67.73
OCEAN,Months,2025-07-22,TD20,2027-09-01,11.5,67.73
OCEAN,Months,2025-07-22,TD20,2027-10-01,11.5,67.73
OCEAN,Months,2025-07-22,TD20,2027-11-01,11.5,67.73
OCEAN,Months,2025-07-22,TD20,2027-12-01,11.5,67.73
OCEAN,Months,2025-07-22,TD22,2026-07-01,25.9259,7.0
OCEAN,Months,2025-07-22,TD22,2026-08-01,25.9259,7.0
OCEAN,Months,2025-07-22,TD22,2026-09-01,25.9259,7.0
OCEAN,Months,2025-07-22,TD22,2026-10-01,25.9259,7.0
OCEAN,Months,2025-07-22,TD22,2026-11-01,25.9259,7.0
OCEAN,Months,2025-07-22,TD22,2026-12-01,25.9259,7.0
OCEAN,Months,2025-07-22,TD22,2027-01-01,24.4444,6.6
OCEAN,Months,2025-07-22,TD22,2027-02-01,24.4444,6.6
OCEAN,Months,2025-07-22,TD22,2027-03-01,24.4444,6.6
OCEAN,Months,2025-07-22,TD22,2027-04-01,24.4444,6.6
OCEAN,Months,2025-07-22,TD22,2027-05-01,24.4444,6.6
OCEAN,Months,2025-07-22,TD22,2027-06-01,24.4444,6.6
OCEAN,Months,2025-07-22,TD22,2027-07-01,24.4444,6.6
OCEAN,Months,2025-07-22,TD22,2027-08-01,24.4444,6.6
OCEAN,Months,2025-07-22,TD22,2027-09-01,24.4444,6.6
OCEAN,Months,2025-07-22,TD22,2027-10-01,24.4444,6.6
OCEAN,Months,2025-07-22,TD22,2027-11-01,24.4444,6.6
OCEAN,Months,2025-07-22,TD22,2027-12-01,24.4444,6.6
OCEAN,Months,2025-07-22,TD25,2026-07-01,23.98,111.38
OCEAN,Months,2025-07-22,TD25,2026-08-01,23.98,111.38
OCEAN,Months,2025-07-22,TD25,2026-09-01,23.98,111.38
OCEAN,Months,2025-07-22,TD25,2026-10-01,23.98,111.38
OCEAN,Months,2025-07-22,TD25,2026-11-01,23.98,111.38
OCEAN,Months,2025-07-22,TD25,2026-12-01,23.98,111.38
OCEAN,Months,2025-07-22,TD25,2027-01-01,22.58,104.87
OCEAN,Months,2025-07-22,TD25,2027-02-01,22.58,104.87
OCEAN,Months,2025-07-22,TD25,2027-03-01,22.58,104.87
OCEAN,Months,2025-07-22,TD25,2027-04-01,22.58,104.87
OCEAN,Months,2025-07-22,TD25,2027-05-01,22.58,104.87
OCEAN,Months,2025-07-22,TD25,2027-06-01,22.58,104.87
OCEAN,Months,2025-07-22,TD25,2027-07-01,22.58,104.87
OCEAN,Months,2025-07-22,TD25,2027-08-01,22.58,104.87
OCEAN,Months,2025-07-22,TD25,2027-09-01,22.58,104.87
OCEAN,Months,2025-07-22,TD25,2027-10-01,22.58,104.87
OCEAN,Months,2025-07-22,TD25,2027-11-01,22.58,104.87
OCEAN,Months,2025-07-22,TD25,2027-12-01,22.58,104.87
OCEAN,Spot,2025-07-23,TD3C,2025-07-01,10.6048,49.15
OCEAN,Balmo,2025-07-23,TD3C,2025-07-01,10.79,50.0
OCEAN,Months,2025-07-23,TD3C,2025-07-01,10.84,50.24
OCEAN,Months,2025-07-23,TD3C,2025-08-01,11.06,51.25
OCEAN,Months,2025-07-23,TD3C,2025-09-01,12.08,56.0
OCEAN,Spot,2025-07-23,TD20,2025-07-01,13.9101,81.94
OCEAN,Balmo,2025-07-23,TD20,2025-07-01,14.08,82.92
OCEAN,Months,2025-07-23,TD20,2025-07-01,14.09,83.0
OCEAN,Months,2025-07-23,TD20,2025-08-01,13.84,81.5
OCEAN,Months,2025-07-23,TD20,2025-09-01,13.75,81.0
OCEAN,Spot,2025-07-23,TD22,2025-07-01,26.85,7.25
OCEAN,Balmo,2025-07-23,TD22,2025-07-01,27.4691,7.4167
OCEAN,Months,2025-07-23,TD22,2025-07-01,27.037,7.3
OCEAN,Months,2025-07-23,TD22,2025-08-01,26.2963,7.1
OCEAN,Months,2025-07-23,TD22,2025-09-01,25.5556,6.9
OCEAN,Spot,2025-07-23,TD25,2025-07-01,23.93,111.12
OCEAN,Balmo,2025-07-23,TD25,2025-07-01,25.43,118.14
OCEAN,Months,2025-07-23,TD25,2025-07-01,26.62,123.62
OCEAN,Months,2025-07-23,TD25,2025-08-01,28.02,130.12
OCEAN,Months,2025-07-23,TD25,2025-09-01,27.26,126.62
OCEAN,Months,2025-07-23,TD3C,2025-10-01,13.49,62.5
OCEAN,Months,2025-07-23,TD3C,2025-11-01,13.49,62.5
OCEAN,Months,2025-07-23,TD3C,2025-12-01,13.49,62.5
OCEAN,Months,2025-07-23,TD3C,2026-01-01,12.5,57.92
OCEAN,Months,2025-07-23,TD3C,2026-02-01,12.5,57.92
OCEAN,Months,2025-07-23,TD3C,2026-03-01,12.5,57.92
OCEAN,Months,2025-07-23,TD3C,2026-04-01,11.9,55.14
OCEAN,Months,2025-07-23,TD3C,2026-05-01,11.9,55.14
OCEAN,Months,2025-07-23,TD3C,2026-06-01,11.9,55.14
OCEAN,Months,2025-07-23,TD20,2025-10-01,15.11,89.0
OCEAN,Months,2025-07-23,TD20,2025-11-01,15.11,89.0
OCEAN,Months,2025-07-23,TD20,2025-12-01,15.11,89.0
OCEAN,Months,2025-07-23,TD20,2026-01-01,14.08,82.92
OCEAN,Months,2025-07-23,TD20,2026-02-01,14.08,82.92
OCEAN,Months,2025-07-23,TD20,2026-03-01,14.08,82.92
OCEAN,Months,2025-07-23,TD20,2026-04-01,12.05,70.97
OCEAN,Months,2025-07-23,TD20,2026-05-01,12.05,70.97
OCEAN,Months,2025-07-23,TD20,2026-06-01,12.05,70.97
OCEAN,Months,2025-07-23,TD22,2025-10-01,29.6296,8.0
OCEAN,Months,2025-07-23,TD22,2025-11-01,29.6296,8.0
OCEAN,Months,2025-07-23,TD22,2025-12-01,29.6296,8.0
OCEAN,Months,2025-07-23,TD22,2026-01-01,26.8519,7.25
OCEAN,Months,2025-07-23,TD22,2026-02-01,26.8519,7.25
OCEAN,Months,2025-07-23,TD22,2026-03-01,26.8519,7.25
OCEAN,Months,2025-07-23,TD22,2026-04-01,25.5556,6.9
OCEAN,Months,2025-07-23,TD22,2026-05-01,25.5556,6.9
OCEAN,Months,2025-07-23,TD22,2026-06-01,25.5556,6.9
OCEAN,Months,2025-07-23,TD25,2025-10-01,29.52,137.12
OCEAN,Months,2025-07-23,TD25,2025-11-01,29.52,137.12
OCEAN,Months,2025-07-23,TD25,2025-12-01,29.52,137.12
OCEAN,Months,2025-07-23,TD25,2026-01-01,26.77,124.34
OCEAN,Months,2025-07-23,TD25,2026-02-01,26.77,124.34
OCEAN,Months,2025-07-23,TD25,2026-03-01,26.77,124.34
OCEAN,Months,2025-07-23,TD25,2026-04-01,24.12,112.03
OCEAN,Months,2025-07-23,TD25,2026-05-01,24.12,112.03
OCEAN,Months,2025-07-23,TD25,2026-06-01,24.12,112.03
OCEAN,Months,2025-07-23,TD3C,2026-07-01,11.7,54.22
OCEAN,Months,2025-07-23,TD3C,2026-08-01,11.7,54.22
OCEAN,Months,2025-07-23,TD3C,2026-09-01,11.7,54.22
OCEAN,Months,2025-07-23,TD3C,2026-10-01,11.7,54.22
OCEAN,Months,2025-07-23,TD3C,2026-11-01,11.7,54.22
OCEAN,Months,2025-07-23,TD3C,2026-12-01,11.7,54.22
OCEAN,Months,2025-07-23,TD3C,2027-01-01,11.0,50.97
OCEAN,Months,2025-07-23,TD3C,2027-02-01,11.0,50.97
OCEAN,Months,2025-07-23,TD3C,2027-03-01,11.0,50.97
OCEAN,Months,2025-07-23,TD3C,2027-04-01,11.0,50.97
OCEAN,Months,2025-07-23,TD3C,2027-05-01,11.0,50.97
OCEAN,Months,2025-07-23,TD3C,2027-06-01,11.0,50.97
OCEAN,Months,2025-07-23,TD3C,2027-07-01,11.0,50.97
OCEAN,Months,2025-07-23,TD3C,2027-08-01,11.0,50.97
OCEAN,Months,2025-07-23,TD3C,2027-09-01,11.0,50.97
OCEAN,Months,2025-07-23,TD3C,2027-10-01,11.0,50.97
OCEAN,Months,2025-07-23,TD3C,2027-11-01,11.0,50.97
OCEAN,Months,2025-07-23,TD3C,2027-12-01,11.0,50.97
OCEAN,Months,2025-07-23,TD20,2026-07-01,12.57,74.03
OCEAN,Months,2025-07-23,TD20,2026-08-01,12.57,74.03
OCEAN,Months,2025-07-23,TD20,2026-09-01,12.57,74.03
OCEAN,Months,2025-07-23,TD20,2026-10-01,12.57,74.03
OCEAN,Months,2025-07-23,TD20,2026-11-01,12.57,74.03
OCEAN,Months,2025-07-23,TD20,2026-12-01,12.57,74.03
OCEAN,Months,2025-07-23,TD20,2027-01-01,11.5,67.73
OCEAN,Months,2025-07-23,TD20,2027-02-01,11.5,67.73
OCEAN,Months,2025-07-23,TD20,2027-03-01,11.5,67.73
OCEAN,Months,2025-07-23,TD20,2027-04-01,11.5,67.73
OCEAN,Months,2025-07-23,TD20,2027-05-01,11.5,67.73
OCEAN,Months,2025-07-23,TD20,2027-06-01,11.5,67.73
OCEAN,Months,2025-07-23,TD20,2027-07-01,11.5,67.73
OCEAN,Months,2025-07-23,TD20,2027-08-01,11.5,67.73
OCEAN,Months,2025-07-23,TD20,2027-09-01,11.5,67.73
OCEAN,Months,2025-07-23,TD20,2027-10-01,11.5,67.73
OCEAN,Months,2025-07-23,TD20,2027-11-01,11.5,67.73
OCEAN,Months,2025-07-23,TD20,2027-12-01,11.5,67.73
OCEAN,Months,2025-07-23,TD22,2026-07-01,25.9259,7.0
OCEAN,Months,2025-07-23,TD22,2026-08-01,25.9259,7.0
OCEAN,Months,2025-07-23,TD22,2026-09-01,25.9259,7.0
OCEAN,Months,2025-07-23,TD22,2026-10-01,25.9259,7.0
OCEAN,Months,2025-07-23,TD22,2026-11-01,25.9259,7.0
OCEAN,Months,2025-07-23,TD22,2026-12-01,25.9259,7.0
OCEAN,Months,2025-07-23,TD22,2027-01-01,24.4444,6.6
OCEAN,Months,2025-07-23,TD22,2027-02-01,24.4444,6.6
OCEAN,Months,2025-07-23,TD22,2027-03-01,24.4444,6.6
OCEAN,Months,2025-07-23,TD22,2027-04-01,24.4444,6.6
OCEAN,Months,2025-07-23,TD22,2027-05-01,24.4444,6.6
OCEAN,Months,2025-07-23,TD22,2027-06-01,24.4444,6.6
OCEAN,Months,2025-07-23,TD22,2027-07-01,24.4444,6.6
OCEAN,Months,2025-07-23,TD22,2027-08-01,24.4444,6.6
OCEAN,Months,2025-07-23,TD22,2027-09-01,24.4444,6.6
OCEAN,Months,2025-07-23,TD22,2027-10-01,24.4444,6.6
OCEAN,Months,2025-07-23,TD22,2027-11-01,24.4444,6.6
OCEAN,Months,2025-07-23,TD22,2027-12-01,24.4444,6.6
OCEAN,Months,2025-07-23,TD25,2026-07-01,24.17,112.26
OCEAN,Months,2025-07-23,TD25,2026-08-01,24.17,112.26
OCEAN,Months,2025-07-23,TD25,2026-09-01,24.17,112.26
OCEAN,Months,2025-07-23,TD25,2026-10-01,24.17,112.26
OCEAN,Months,2025-07-23,TD25,2026-11-01,24.17,112.26
OCEAN,Months,2025-07-23,TD25,2026-12-01,24.17,112.26
OCEAN,Months,2025-07-23,TD25,2027-01-01,22.77,105.76
OCEAN,Months,2025-07-23,TD25,2027-02-01,22.77,105.76
OCEAN,Months,2025-07-23,TD25,2027-03-01,22.77,105.76
OCEAN,Months,2025-07-23,TD25,2027-04-01,22.77,105.76
OCEAN,Months,2025-07-23,TD25,2027-05-01,22.77,105.76
OCEAN,Months,2025-07-23,TD25,2027-06-01,22.77,105.76
OCEAN,Months,2025-07-23,TD25,2027-07-01,22.77,105.76
OCEAN,Months,2025-07-23,TD25,2027-08-01,22.77,105.76
OCEAN,Months,2025-07-23,TD25,2027-09-01,22.77,105.76
OCEAN,Months,2025-07-23,TD25,2027-10-01,22.77,105.76
OCEAN,Months,2025-07-23,TD25,2027-11-01,22.77,105.76
OCEAN,Months,2025-07-23,TD25,2027-12-01,22.77,105.76
OCEAN,Spot,2025-07-24,TD3C,2025-07-01,9.9579,46.15
OCEAN,Balmo,2025-07-24,TD3C,2025-07-01,10.18,47.16
OCEAN,Months,2025-07-24,TD3C,2025-07-01,10.67,49.45
OCEAN,Months,2025-07-24,TD3C,2025-08-01,11.28,52.25
OCEAN,Months,2025-07-24,TD3C,2025-09-01,12.14,56.25
OCEAN,Spot,2025-07-24,TD20,2025-07-01,13.0147,76.67
OCEAN,Balmo,2025-07-24,TD20,2025-07-01,13.24,77.96
OCEAN,Months,2025-07-24,TD20,2025-07-01,13.86,81.65
OCEAN,Months,2025-07-24,TD20,2025-08-01,13.41,79.0
OCEAN,Months,2025-07-24,TD20,2025-09-01,13.58,80.0
OCEAN,Spot,2025-07-24,TD22,2025-07-01,25.93,7.0
OCEAN,Balmo,2025-07-24,TD22,2025-07-01,26.4741,7.148
OCEAN,Months,2025-07-24,TD22,2025-07-01,26.7407,7.22
OCEAN,Months,2025-07-24,TD22,2025-08-01,26.1111,7.05
OCEAN,Months,2025-07-24,TD22,2025-09-01,25.5556,6.9
OCEAN,Spot,2025-07-24,TD25,2025-07-01,23.9,110.99
OCEAN,Balmo,2025-07-24,TD25,2025-07-01,25.14,116.77
OCEAN,Months,2025-07-24,TD25,2025-07-01,26.48,122.99
OCEAN,Months,2025-07-24,TD25,2025-08-01,27.99,129.99
OCEAN,Months,2025-07-24,TD25,2025-09-01,27.13,125.99
OCEAN,Months,2025-07-24,TD3C,2025-10-01,13.49,62.5
OCEAN,Months,2025-07-24,TD3C,2025-11-01,13.49,62.5
OCEAN,Months,2025-07-24,TD3C,2025-12-01,13.49,62.5
OCEAN,Months,2025-07-24,TD3C,2026-01-01,12.5,57.92
OCEAN,Months,2025-07-24,TD3C,2026-02-01,12.5,57.92
OCEAN,Months,2025-07-24,TD3C,2026-03-01,12.5,57.92
OCEAN,Months,2025-07-24,TD3C,2026-04-01,11.9,55.14
OCEAN,Months,2025-07-24,TD3C,2026-05-01,11.9,55.14
OCEAN,Months,2025-07-24,TD3C,2026-06-01,11.9,55.14
OCEAN,Months,2025-07-24,TD20,2025-10-01,14.94,88.0
OCEAN,Months,2025-07-24,TD20,2025-11-01,14.94,88.0
OCEAN,Months,2025-07-24,TD20,2025-12-01,14.94,88.0
OCEAN,Months,2025-07-24,TD20,2026-01-01,14.08,82.92
OCEAN,Months,2025-07-24,TD20,2026-02-01,14.08,82.92
OCEAN,Months,2025-07-24,TD20,2026-03-01,14.08,82.92
OCEAN,Months,2025-07-24,TD20,2026-04-01,12.05,70.97
OCEAN,Months,2025-07-24,TD20,2026-05-01,12.05,70.97
OCEAN,Months,2025-07-24,TD20,2026-06-01,12.05,70.97
OCEAN,Months,2025-07-24,TD22,2025-10-01,29.6296,8.0
OCEAN,Months,2025-07-24,TD22,2025-11-01,29.6296,8.0
OCEAN,Months,2025-07-24,TD22,2025-12-01,29.6296,8.0
OCEAN,Months,2025-07-24,TD22,2026-01-01,26.8519,7.25
OCEAN,Months,2025-07-24,TD22,2026-02-01,26.8519,7.25
OCEAN,Months,2025-07-24,TD22,2026-03-01,26.8519,7.25
OCEAN,Months,2025-07-24,TD22,2026-04-01,25.5556,6.9
OCEAN,Months,2025-07-24,TD22,2026-05-01,25.5556,6.9
OCEAN,Months,2025-07-24,TD22,2026-06-01,25.5556,6.9
OCEAN,Months,2025-07-24,TD25,2025-10-01,28.96,134.49
OCEAN,Months,2025-07-24,TD25,2025-11-01,28.96,134.49
OCEAN,Months,2025-07-24,TD25,2025-12-01,28.96,134.49
OCEAN,Months,2025-07-24,TD25,2026-01-01,26.73,124.15
OCEAN,Months,2025-07-24,TD25,2026-02-01,26.73,124.15
OCEAN,Months,2025-07-24,TD25,2026-03-01,26.73,124.15
OCEAN,Months,2025-07-24,TD25,2026-04-01,24.08,111.84
OCEAN,Months,2025-07-24,TD25,2026-05-01,24.08,111.84
OCEAN,Months,2025-07-24,TD25,2026-06-01,24.08,111.84
OCEAN,Months,2025-07-24,TD3C,2026-07-01,11.65,53.99
OCEAN,Months,2025-07-24,TD3C,2026-08-01,11.65,53.99
OCEAN,Months,2025-07-24,TD3C,2026-09-01,11.65,53.99
OCEAN,Months,2025-07-24,TD3C,2026-10-01,11.65,53.99
OCEAN,Months,2025-07-24,TD3C,2026-11-01,11.65,53.99
OCEAN,Months,2025-07-24,TD3C,2026-12-01,11.65,53.99
OCEAN,Months,2025-07-24,TD3C,2027-01-01,11.0,50.97
OCEAN,Months,2025-07-24,TD3C,2027-02-01,11.0,50.97
OCEAN,Months,2025-07-24,TD3C,2027-03-01,11.0,50.97
OCEAN,Months,2025-07-24,TD3C,2027-04-01,11.0,50.97
OCEAN,Months,2025-07-24,TD3C,2027-05-01,11.0,50.97
OCEAN,Months,2025-07-24,TD3C,2027-06-01,11.0,50.97
OCEAN,Months,2025-07-24,TD3C,2027-07-01,11.0,50.97
OCEAN,Months,2025-07-24,TD3C,2027-08-01,11.0,50.97
OCEAN,Months,2025-07-24,TD3C,2027-09-01,11.0,50.97
OCEAN,Months,2025-07-24,TD3C,2027-10-01,11.0,50.97
OCEAN,Months,2025-07-24,TD3C,2027-11-01,11.0,50.97
OCEAN,Months,2025-07-24,TD3C,2027-12-01,11.0,50.97
OCEAN,Months,2025-07-24,TD20,2026-07-01,12.57,74.03
OCEAN,Months,2025-07-24,TD20,2026-08-01,12.57,74.03
OCEAN,Months,2025-07-24,TD20,2026-09-01,12.57,74.03
OCEAN,Months,2025-07-24,TD20,2026-10-01,12.57,74.03
OCEAN,Months,2025-07-24,TD20,2026-11-01,12.57,74.03
OCEAN,Months,2025-07-24,TD20,2026-12-01,12.57,74.03
OCEAN,Months,2025-07-24,TD20,2027-01-01,11.5,67.73
OCEAN,Months,2025-07-24,TD20,2027-02-01,11.5,67.73
OCEAN,Months,2025-07-24,TD20,2027-03-01,11.5,67.73
OCEAN,Months,2025-07-24,TD20,2027-04-01,11.5,67.73
OCEAN,Months,2025-07-24,TD20,2027-05-01,11.5,67.73
OCEAN,Months,2025-07-24,TD20,2027-06-01,11.5,67.73
OCEAN,Months,2025-07-24,TD20,2027-07-01,11.5,67.73
OCEAN,Months,2025-07-24,TD20,2027-08-01,11.5,67.73
OCEAN,Months,2025-07-24,TD20,2027-09-01,11.5,67.73
OCEAN,Months,2025-07-24,TD20,2027-10-01,11.5,67.73
OCEAN,Months,2025-07-24,TD20,2027-11-01,11.5,67.73
OCEAN,Months,2025-07-24,TD20,2027-12-01,11.5,67.73
OCEAN,Months,2025-07-24,TD22,2026-07-01,25.9259,7.0
OCEAN,Months,2025-07-24,TD22,2026-08-01,25.9259,7.0
OCEAN,Months,2025-07-24,TD22,2026-09-01,25.9259,7.0
OCEAN,Months,2025-07-24,TD22,2026-10-01,25.9259,7.0
OCEAN,Months,2025-07-24,TD22,2026-11-01,25.9259,7.0
OCEAN,Months,2025-07-24,TD22,2026-12-01,25.9259,7.0
OCEAN,Months,2025-07-24,TD22,2027-01-01,24.4444,6.6
OCEAN,Months,2025-07-24,TD22,2027-02-01,24.4444,6.6
OCEAN,Months,2025-07-24,TD22,2027-03-01,24.4444,6.6
OCEAN,Months,2025-07-24,TD22,2027-04-01,24.4444,6.6
OCEAN,Months,2025-07-24,TD22,2027-05-01,24.4444,6.6
OCEAN,Months,2025-07-24,TD22,2027-06-01,24.4444,6.6
OCEAN,Months,2025-07-24,TD22,2027-07-01,24.4444,6.6
OCEAN,Months,2025-07-24,TD22,2027-08-01,24.4444,6.6
OCEAN,Months,2025-07-24,TD22,2027-09-01,24.4444,6.6
OCEAN,Months,2025-07-24,TD22,2027-10-01,24.4444,6.6
OCEAN,Months,2025-07-24,TD22,2027-11-01,24.4444,6.6
OCEAN,Months,2025-07-24,TD22,2027-12-01,24.4444,6.6
OCEAN,Months,2025-07-24,TD25,2026-07-01,24.13,112.07
OCEAN,Months,2025-07-24,TD25,2026-08-01,24.13,112.07
OCEAN,Months,2025-07-24,TD25,2026-09-01,24.13,112.07
OCEAN,Months,2025-07-24,TD25,2026-10-01,24.13,112.07
OCEAN,Months,2025-07-24,TD25,2026-11-01,24.13,112.07
OCEAN,Months,2025-07-24,TD25,2026-12-01,24.13,112.07
OCEAN,Months,2025-07-24,TD25,2027-01-01,22.73,105.57
OCEAN,Months,2025-07-24,TD25,2027-02-01,22.73,105.57
OCEAN,Months,2025-07-24,TD25,2027-03-01,22.73,105.57
OCEAN,Months,2025-07-24,TD25,2027-04-01,22.73,105.57
OCEAN,Months,2025-07-24,TD25,2027-05-01,22.73,105.57
OCEAN,Months,2025-07-24,TD25,2027-06-01,22.73,105.57
OCEAN,Months,2025-07-24,TD25,2027-07-01,22.73,105.57
OCEAN,Months,2025-07-24,TD25,2027-08-01,22.73,105.57
OCEAN,Months,2025-07-24,TD25,2027-09-01,22.73,105.57
OCEAN,Months,2025-07-24,TD25,2027-10-01,22.73,105.57
OCEAN,Months,2025-07-24,TD25,2027-11-01,22.73,105.57
OCEAN,Months,2025-07-24,TD25,2027-12-01,22.73,105.57
OCEAN,Spot,2025-07-25,TD3C,2025-07-01,9.8177,45.5
OCEAN,Balmo,2025-07-25,TD3C,2025-07-01,10.27,47.58
OCEAN,Months,2025-07-25,TD3C,2025-07-01,10.67,49.45
OCEAN,Months,2025-07-25,TD3C,2025-08-01,11.44,53.0
OCEAN,Months,2025-07-25,TD3C,2025-09-01,12.08,56.0
OCEAN,Spot,2025-07-25,TD20,2025-07-01,13.0418,76.83
OCEAN,Balmo,2025-07-25,TD20,2025-07-01,13.29,78.24
OCEAN,Months,2025-07-25,TD20,2025-07-01,13.86,81.65
OCEAN,Months,2025-07-25,TD20,2025-08-01,13.41,79.0
OCEAN,Months,2025-07-25,TD20,2025-09-01,13.58,80.0
OCEAN,Spot,2025-07-25,TD22,2025-07-01,25.93,7.0
OCEAN,Balmo,2025-07-25,TD22,2025-07-01,26.6111,7.185
OCEAN,Months,2025-07-25,TD22,2025-07-01,26.7407,7.22
OCEAN,Months,2025-07-25,TD22,2025-08-01,26.1111,7.05
OCEAN,Months,2025-07-25,TD22,2025-09-01,25.5556,6.9
OCEAN,Spot,2025-07-25,TD25,2025-07-01,23.87,110.86
OCEAN,Balmo,2025-07-25,TD25,2025-07-01,24.13,112.06
OCEAN,Months,2025-07-25,TD25,2025-07-01,26.24,121.86
OCEAN,Months,2025-07-25,TD25,2025-08-01,27.96,129.86
OCEAN,Months,2025-07-25,TD25,2025-09-01,27.53,127.86
OCEAN,Months,2025-07-25,TD3C,2025-10-01,13.7,63.5
OCEAN,Months,2025-07-25,TD3C,2025-11-01,13.7,63.5
OCEAN,Months,2025-07-25,TD3C,2025-12-01,13.7,63.5
OCEAN,Months,2025-07-25,TD3C,2026-01-01,12.5,57.92
OCEAN,Months,2025-07-25,TD3C,2026-02-01,12.5,57.92
OCEAN,Months,2025-07-25,TD3C,2026-03-01,12.5,57.92
OCEAN,Months,2025-07-25,TD3C,2026-04-01,11.9,55.14
OCEAN,Months,2025-07-25,TD3C,2026-05-01,11.9,55.14
OCEAN,Months,2025-07-25,TD3C,2026-06-01,11.9,55.14
OCEAN,Months,2025-07-25,TD20,2025-10-01,14.94,88.0
OCEAN,Months,2025-07-25,TD20,2025-11-01,14.94,88.0
OCEAN,Months,2025-07-25,TD20,2025-12-01,14.94,88.0
OCEAN,Months,2025-07-25,TD20,2026-01-01,14.08,82.92
OCEAN,Months,2025-07-25,TD20,2026-02-01,14.08,82.92
OCEAN,Months,2025-07-25,TD20,2026-03-01,14.08,82.92
OCEAN,Months,2025-07-25,TD20,2026-04-01,12.05,70.97
OCEAN,Months,2025-07-25,TD20,2026-05-01,12.05,70.97
OCEAN,Months,2025-07-25,TD20,2026-06-01,12.05,70.97
OCEAN,Months,2025-07-25,TD22,2025-10-01,29.6296,8.0
OCEAN,Months,2025-07-25,TD22,2025-11-01,29.6296,8.0
OCEAN,Months,2025-07-25,TD22,2025-12-01,29.6296,8.0
OCEAN,Months,2025-07-25,TD22,2026-01-01,26.8519,7.25
OCEAN,Months,2025-07-25,TD22,2026-02-01,26.8519,7.25
OCEAN,Months,2025-07-25,TD22,2026-03-01,26.8519,7.25
OCEAN,Months,2025-07-25,TD22,2026-04-01,25.5556,6.9
OCEAN,Months,2025-07-25,TD22,2026-05-01,25.5556,6.9
OCEAN,Months,2025-07-25,TD22,2026-06-01,25.5556,6.9
OCEAN,Months,2025-07-25,TD25,2025-10-01,29.25,135.86
OCEAN,Months,2025-07-25,TD25,2025-11-01,29.25,135.86
OCEAN,Months,2025-07-25,TD25,2025-12-01,29.25,135.86
OCEAN,Months,2025-07-25,TD25,2026-01-01,26.49,123.04
OCEAN,Months,2025-07-25,TD25,2026-02-01,26.49,123.04
OCEAN,Months,2025-07-25,TD25,2026-03-01,26.49,123.04
OCEAN,Months,2025-07-25,TD25,2026-04-01,23.49,109.1
OCEAN,Months,2025-07-25,TD25,2026-05-01,23.49,109.1
OCEAN,Months,2025-07-25,TD25,2026-06-01,23.49,109.1
OCEAN,Months,2025-07-25,TD3C,2026-07-01,11.65,53.99
OCEAN,Months,2025-07-25,TD3C,2026-08-01,11.65,53.99
OCEAN,Months,2025-07-25,TD3C,2026-09-01,11.65,53.99
OCEAN,Months,2025-07-25,TD3C,2026-10-01,11.65,53.99
OCEAN,Months,2025-07-25,TD3C,2026-11-01,11.65,53.99
OCEAN,Months,2025-07-25,TD3C,2026-12-01,11.65,53.99
OCEAN,Months,2025-07-25,TD3C,2027-01-01,11.0,50.97
OCEAN,Months,2025-07-25,TD3C,2027-02-01,11.0,50.97
OCEAN,Months,2025-07-25,TD3C,2027-03-01,11.0,50.97
OCEAN,Months,2025-07-25,TD3C,2027-04-01,11.0,50.97
OCEAN,Months,2025-07-25,TD3C,2027-05-01,11.0,50.97
OCEAN,Months,2025-07-25,TD3C,2027-06-01,11.0,50.97
OCEAN,Months,2025-07-25,TD3C,2027-07-01,11.0,50.97
OCEAN,Months,2025-07-25,TD3C,2027-08-01,11.0,50.97
OCEAN,Months,2025-07-25,TD3C,2027-09-01,11.0,50.97
OCEAN,Months,2025-07-25,TD3C,2027-10-01,11.0,50.97
OCEAN,Months,2025-07-25,TD3C,2027-11-01,11.0,50.97
OCEAN,Months,2025-07-25,TD3C,2027-12-01,11.0,50.97
OCEAN,Months,2025-07-25,TD20,2026-07-01,12.57,74.03
OCEAN,Months,2025-07-25,TD20,2026-08-01,12.57,74.03
OCEAN,Months,2025-07-25,TD20,2026-09-01,12.57,74.03
OCEAN,Months,2025-07-25,TD20,2026-10-01,12.57,74.03
OCEAN,Months,2025-07-25,TD20,2026-11-01,12.57,74.03
OCEAN,Months,2025-07-25,TD20,2026-12-01,12.57,74.03
OCEAN,Months,2025-07-25,TD20,2027-01-01,11.5,67.73
OCEAN,Months,2025-07-25,TD20,2027-02-01,11.5,67.73
OCEAN,Months,2025-07-25,TD20,2027-03-01,11.5,67.73
OCEAN,Months,2025-07-25,TD20,2027-04-01,11.5,67.73
OCEAN,Months,2025-07-25,TD20,2027-05-01,11.5,67.73
OCEAN,Months,2025-07-25,TD20,2027-06-01,11.5,67.73
OCEAN,Months,2025-07-25,TD20,2027-07-01,11.5,67.73
OCEAN,Months,2025-07-25,TD20,2027-08-01,11.5,67.73
OCEAN,Months,2025-07-25,TD20,2027-09-01,11.5,67.73
OCEAN,Months,2025-07-25,TD20,2027-10-01,11.5,67.73
OCEAN,Months,2025-07-25,TD20,2027-11-01,11.5,67.73
OCEAN,Months,2025-07-25,TD20,2027-12-01,11.5,67.73
OCEAN,Months,2025-07-25,TD22,2026-07-01,25.9259,7.0
OCEAN,Months,2025-07-25,TD22,2026-08-01,25.9259,7.0
OCEAN,Months,2025-07-25,TD22,2026-09-01,25.9259,7.0
OCEAN,Months,2025-07-25,TD22,2026-10-01,25.9259,7.0
OCEAN,Months,2025-07-25,TD22,2026-11-01,25.9259,7.0
OCEAN,Months,2025-07-25,TD22,2026-12-01,25.9259,7.0
OCEAN,Months,2025-07-25,TD22,2027-01-01,24.4444,6.6
OCEAN,Months,2025-07-25,TD22,2027-02-01,24.4444,6.6
OCEAN,Months,2025-07-25,TD22,2027-03-01,24.4444,6.6
OCEAN,Months,2025-07-25,TD22,2027-04-01,24.4444,6.6
OCEAN,Months,2025-07-25,TD22,2027-05-01,24.4444,6.6
OCEAN,Months,2025-07-25,TD22,2027-06-01,24.4444,6.6
OCEAN,Months,2025-07-25,TD22,2027-07-01,24.4444,6.6
OCEAN,Months,2025-07-25,TD22,2027-08-01,24.4444,6.6
OCEAN,Months,2025-07-25,TD22,2027-09-01,24.4444,6.6
OCEAN,Months,2025-07-25,TD22,2027-10-01,24.4444,6.6
OCEAN,Months,2025-07-25,TD22,2027-11-01,24.4444,6.6
OCEAN,Months,2025-07-25,TD22,2027-12-01,24.4444,6.6
OCEAN,Months,2025-07-25,TD25,2026-07-01,24.09,111.89
OCEAN,Months,2025-07-25,TD25,2026-08-01,24.09,111.89
OCEAN,Months,2025-07-25,TD25,2026-09-01,24.09,111.89
OCEAN,Months,2025-07-25,TD25,2026-10-01,24.09,111.89
OCEAN,Months,2025-07-25,TD25,2026-11-01,24.09,111.89
OCEAN,Months,2025-07-25,TD25,2026-12-01,24.09,111.89
OCEAN,Months,2025-07-25,TD25,2027-01-01,22.69,105.39
OCEAN,Months,2025-07-25,TD25,2027-02-01,22.69,105.39
OCEAN,Months,2025-07-25,TD25,2027-03-01,22.69,105.39
OCEAN,Months,2025-07-25,TD25,2027-04-01,22.69,105.39
OCEAN,Months,2025-07-25,TD25,2027-05-01,22.69,105.39
OCEAN,Months,2025-07-25,TD25,2027-06-01,22.69,105.39
OCEAN,Months,2025-07-25,TD25,2027-07-01,22.69,105.39
OCEAN,Months,2025-07-25,TD25,2027-08-01,22.69,105.39
OCEAN,Months,2025-07-25,TD25,2027-09-01,22.69,105.39
OCEAN,Months,2025-07-25,TD25,2027-10-01,22.69,105.39
OCEAN,Months,2025-07-25,TD25,2027-11-01,22.69,105.39
OCEAN,Months,2025-07-25,TD25,2027-12-01,22.69,105.39
OCEAN,Spot,2025-07-28,TD3C,2025-07-01,9.4267,43.7
OCEAN,Balmo,2025-07-28,TD3C,2025-07-01,9.8,45.42
OCEAN,Months,2025-07-28,TD3C,2025-07-01,10.57,49.0
OCEAN,Months,2025-07-28,TD3C,2025-08-01,11.22,52.0
OCEAN,Months,2025-07-28,TD3C,2025-09-01,12.08,56.0
OCEAN,Spot,2025-07-28,TD20,2025-07-01,13.0837,77.06
OCEAN,Balmo,2025-07-28,TD20,2025-07-01,13.48,79.4
OCEAN,Months,2025-07-28,TD20,2025-07-01,13.88,81.75
OCEAN,Months,2025-07-28,TD20,2025-08-01,13.84,81.5
OCEAN,Months,2025-07-28,TD20,2025-09-01,14.18,83.5
OCEAN,Spot,2025-07-28,TD22,2025-07-01,25.0,6.75
OCEAN,Balmo,2025-07-28,TD22,2025-07-01,26.0617,7.0367
OCEAN,Months,2025-07-28,TD22,2025-07-01,26.5926,7.18
OCEAN,Months,2025-07-28,TD22,2025-08-01,26.1111,7.05
OCEAN,Months,2025-07-28,TD22,2025-09-01,25.5556,6.9
OCEAN,Spot,2025-07-28,TD25,2025-07-01,23.91,111.06
OCEAN,Balmo,2025-07-28,TD25,2025-07-01,26.08,121.16
OCEAN,Months,2025-07-28,TD25,2025-07-01,26.49,123.06
OCEAN,Months,2025-07-28,TD25,2025-08-01,29.08,135.06
OCEAN,Months,2025-07-28,TD25,2025-09-01,28.59,132.81
OCEAN,Months,2025-07-28,TD3C,2025-10-01,13.87,64.25
OCEAN,Months,2025-07-28,TD3C,2025-11-01,13.87,64.25
OCEAN,Months,2025-07-28,TD3C,2025-12-01,13.87,64.25
OCEAN,Months,2025-07-28,TD3C,2026-01-01,12.5,57.92
OCEAN,Months,2025-07-28,TD3C,2026-02-01,12.5,57.92
OCEAN,Months,2025-07-28,TD3C,2026-03-01,12.5,57.92
OCEAN,Months,2025-07-28,TD3C,2026-04-01,11.9,55.14
OCEAN,Months,2025-07-28,TD3C,2026-05-01,11.9,55.14
OCEAN,Months,2025-07-28,TD3C,2026-06-01,11.9,55.14
OCEAN,Months,2025-07-28,TD20,2025-10-01,15.28,90.0
OCEAN,Months,2025-07-28,TD20,2025-11-01,15.28,90.0
OCEAN,Months,2025-07-28,TD20,2025-12-01,15.28,90.0
OCEAN,Months,2025-07-28,TD20,2026-01-01,14.25,83.92
OCEAN,Months,2025-07-28,TD20,2026-02-01,14.25,83.92
OCEAN,Months,2025-07-28,TD20,2026-03-01,14.25,83.92
OCEAN,Months,2025-07-28,TD20,2026-04-01,12.05,70.97
OCEAN,Months,2025-07-28,TD20,2026-05-01,12.05,70.97
OCEAN,Months,2025-07-28,TD20,2026-06-01,12.05,70.97
OCEAN,Months,2025-07-28,TD22,2025-10-01,29.6296,8.0
OCEAN,Months,2025-07-28,TD22,2025-11-01,29.6296,8.0
OCEAN,Months,2025-07-28,TD22,2025-12-01,29.6296,8.0
OCEAN,Months,2025-07-28,TD22,2026-01-01,26.8519,7.25
OCEAN,Months,2025-07-28,TD22,2026-02-01,26.8519,7.25
OCEAN,Months,2025-07-28,TD22,2026-03-01,26.8519,7.25
OCEAN,Months,2025-07-28,TD22,2026-04-01,25.5556,6.9
OCEAN,Months,2025-07-28,TD22,2026-05-01,25.5556,6.9
OCEAN,Months,2025-07-28,TD22,2026-06-01,25.5556,6.9
OCEAN,Months,2025-07-28,TD25,2025-10-01,30.15,140.06
OCEAN,Months,2025-07-28,TD25,2025-11-01,30.15,140.06
OCEAN,Months,2025-07-28,TD25,2025-12-01,30.15,140.06
OCEAN,Months,2025-07-28,TD25,2026-01-01,26.65,123.78
OCEAN,Months,2025-07-28,TD25,2026-02-01,26.65,123.78
OCEAN,Months,2025-07-28,TD25,2026-03-01,26.65,123.78
OCEAN,Months,2025-07-28,TD25,2026-04-01,23.75,110.31
OCEAN,Months,2025-07-28,TD25,2026-05-01,23.75,110.31
OCEAN,Months,2025-07-28,TD25,2026-06-01,23.75,110.31
OCEAN,Months,2025-07-28,TD3C,2026-07-01,11.75,54.45
OCEAN,Months,2025-07-28,TD3C,2026-08-01,11.75,54.45
OCEAN,Months,2025-07-28,TD3C,2026-09-01,11.75,54.45
OCEAN,Months,2025-07-28,TD3C,2026-10-01,11.75,54.45
OCEAN,Months,2025-07-28,TD3C,2026-11-01,11.75,54.45
OCEAN,Months,2025-07-28,TD3C,2026-12-01,11.75,54.45
OCEAN,Months,2025-07-28,TD3C,2027-01-01,11.0,50.97
OCEAN,Months,2025-07-28,TD3C,2027-02-01,11.0,50.97
OCEAN,Months,2025-07-28,TD3C,2027-03-01,11.0,50.97
OCEAN,Months,2025-07-28,TD3C,2027-04-01,11.0,50.97
OCEAN,Months,2025-07-28,TD3C,2027-05-01,11.0,50.97
OCEAN,Months,2025-07-28,TD3C,2027-06-01,11.0,50.97
OCEAN,Months,2025-07-28,TD3C,2027-07-01,11.0,50.97
OCEAN,Months,2025-07-28,TD3C,2027-08-01,11.0,50.97
OCEAN,Months,2025-07-28,TD3C,2027-09-01,11.0,50.97
OCEAN,Months,2025-07-28,TD3C,2027-10-01,11.0,50.97
OCEAN,Months,2025-07-28,TD3C,2027-11-01,11.0,50.97
OCEAN,Months,2025-07-28,TD3C,2027-12-01,11.0,50.97
OCEAN,Months,2025-07-28,TD20,2026-07-01,12.57,74.03
OCEAN,Months,2025-07-28,TD20,2026-08-01,12.57,74.03
OCEAN,Months,2025-07-28,TD20,2026-09-01,12.57,74.03
OCEAN,Months,2025-07-28,TD20,2026-10-01,12.57,74.03
OCEAN,Months,2025-07-28,TD20,2026-11-01,12.57,74.03
OCEAN,Months,2025-07-28,TD20,2026-12-01,12.57,74.03
OCEAN,Months,2025-07-28,TD20,2027-01-01,11.5,67.73
OCEAN,Months,2025-07-28,TD20,2027-02-01,11.5,67.73
OCEAN,Months,2025-07-28,TD20,2027-03-01,11.5,67.73
OCEAN,Months,2025-07-28,TD20,2027-04-01,11.5,67.73
OCEAN,Months,2025-07-28,TD20,2027-05-01,11.5,67.73
OCEAN,Months,2025-07-28,TD20,2027-06-01,11.5,67.73
OCEAN,Months,2025-07-28,TD20,2027-07-01,11.5,67.73
OCEAN,Months,2025-07-28,TD20,2027-08-01,11.5,67.73
OCEAN,Months,2025-07-28,TD20,2027-09-01,11.5,67.73
OCEAN,Months,2025-07-28,TD20,2027-10-01,11.5,67.73
OCEAN,Months,2025-07-28,TD20,2027-11-01,11.5,67.73
OCEAN,Months,2025-07-28,TD20,2027-12-01,11.5,67.73
OCEAN,Months,2025-07-28,TD22,2026-07-01,25.9259,7.0
OCEAN,Months,2025-07-28,TD22,2026-08-01,25.9259,7.0
OCEAN,Months,2025-07-28,TD22,2026-09-01,25.9259,7.0
OCEAN,Months,2025-07-28,TD22,2026-10-01,25.9259,7.0
OCEAN,Months,2025-07-28,TD22,2026-11-01,25.9259,7.0
OCEAN,Months,2025-07-28,TD22,2026-12-01,25.9259,7.0
OCEAN,Months,2025-07-28,TD22,2027-01-01,24.4444,6.6
OCEAN,Months,2025-07-28,TD22,2027-02-01,24.4444,6.6
OCEAN,Months,2025-07-28,TD22,2027-03-01,24.4444,6.6
OCEAN,Months,2025-07-28,TD22,2027-04-01,24.4444,6.6
OCEAN,Months,2025-07-28,TD22,2027-05-01,24.4444,6.6
OCEAN,Months,2025-07-28,TD22,2027-06-01,24.4444,6.6
OCEAN,Months,2025-07-28,TD22,2027-07-01,24.4444,6.6
OCEAN,Months,2025-07-28,TD22,2027-08-01,24.4444,6.6
OCEAN,Months,2025-07-28,TD22,2027-09-01,24.4444,6.6
OCEAN,Months,2025-07-28,TD22,2027-10-01,24.4444,6.6
OCEAN,Months,2025-07-28,TD22,2027-11-01,24.4444,6.6
OCEAN,Months,2025-07-28,TD22,2027-12-01,24.4444,6.6
OCEAN,Months,2025-07-28,TD25,2026-07-01,24.25,112.63
OCEAN,Months,2025-07-28,TD25,2026-08-01,24.25,112.63
OCEAN,Months,2025-07-28,TD25,2026-09-01,24.25,112.63
OCEAN,Months,2025-07-28,TD25,2026-10-01,24.25,112.63
OCEAN,Months,2025-07-28,TD25,2026-11-01,24.25,112.63
OCEAN,Months,2025-07-28,TD25,2026-12-01,24.25,112.63
OCEAN,Months,2025-07-28,TD25,2027-01-01,22.75,105.67
OCEAN,Months,2025-07-28,TD25,2027-02-01,22.75,105.67
OCEAN,Months,2025-07-28,TD25,2027-03-01,22.75,105.67
OCEAN,Months,2025-07-28,TD25,2027-04-01,22.75,105.67
OCEAN,Months,2025-07-28,TD25,2027-05-01,22.75,105.67
OCEAN,Months,2025-07-28,TD25,2027-06-01,22.75,105.67
OCEAN,Months,2025-07-28,TD25,2027-07-01,22.75,105.67
OCEAN,Months,2025-07-28,TD25,2027-08-01,22.75,105.67
OCEAN,Months,2025-07-28,TD25,2027-09-01,22.75,105.67
OCEAN,Months,2025-07-28,TD25,2027-10-01,22.75,105.67
OCEAN,Months,2025-07-28,TD25,2027-11-01,22.75,105.67
OCEAN,Months,2025-07-28,TD25,2027-12-01,22.75,105.67
OCEAN,Spot,2025-07-29,TD3C,2025-07-01,9.3979,43.55
OCEAN,Balmo,2025-07-29,TD3C,2025-07-01,9.38,43.48
OCEAN,Months,2025-07-29,TD3C,2025-07-01,10.52,48.75
OCEAN,Months,2025-07-29,TD3C,2025-08-01,11.65,54.0
OCEAN,Months,2025-07-29,TD3C,2025-09-01,12.3,57.0
OCEAN,Spot,2025-07-29,TD20,2025-07-01,13.2195,77.86
OCEAN,Balmo,2025-07-29,TD20,2025-07-01,13.61,80.18
OCEAN,Months,2025-07-29,TD20,2025-07-01,13.88,81.75
OCEAN,Months,2025-07-29,TD20,2025-08-01,14.18,83.5
OCEAN,Months,2025-07-29,TD20,2025-09-01,14.6,86.0
OCEAN,Spot,2025-07-29,TD22,2025-07-01,24.81,6.7
OCEAN,Balmo,2025-07-29,TD22,2025-07-01,25.0556,6.765
OCEAN,Months,2025-07-29,TD22,2025-07-01,26.4444,7.14
OCEAN,Months,2025-07-29,TD22,2025-08-01,26.1111,7.05
OCEAN,Months,2025-07-29,TD22,2025-09-01,25.5556,6.9
OCEAN,Spot,2025-07-29,TD25,2025-07-01,28.17,130.83
OCEAN,Balmo,2025-07-29,TD25,2025-07-01,26.86,124.74
OCEAN,Months,2025-07-29,TD25,2025-07-01,26.75,124.24
OCEAN,Months,2025-07-29,TD25,2025-08-01,29.46,136.83
OCEAN,Months,2025-07-29,TD25,2025-09-01,28.17,130.83
OCEAN,Months,2025-07-29,TD3C,2025-10-01,14.03,65.0
OCEAN,Months,2025-07-29,TD3C,2025-11-01,14.03,65.0
OCEAN,Months,2025-07-29,TD3C,2025-12-01,14.03,65.0
OCEAN,Months,2025-07-29,TD3C,2026-01-01,12.6,58.39
OCEAN,Months,2025-07-29,TD3C,2026-02-01,12.6,58.39
OCEAN,Months,2025-07-29,TD3C,2026-03-01,12.6,58.39
OCEAN,Months,2025-07-29,TD3C,2026-04-01,12.0,55.61
OCEAN,Months,2025-07-29,TD3C,2026-05-01,12.0,55.61
OCEAN,Months,2025-07-29,TD3C,2026-06-01,12.0,55.61
OCEAN,Months,2025-07-29,TD20,2025-10-01,15.37,90.5
OCEAN,Months,2025-07-29,TD20,2025-11-01,15.37,90.5
OCEAN,Months,2025-07-29,TD20,2025-12-01,15.37,90.5
OCEAN,Months,2025-07-29,TD20,2026-01-01,14.1,83.04
OCEAN,Months,2025-07-29,TD20,2026-02-01,14.1,83.04
OCEAN,Months,2025-07-29,TD20,2026-03-01,14.1,83.04
OCEAN,Months,2025-07-29,TD20,2026-04-01,12.75,75.09
OCEAN,Months,2025-07-29,TD20,2026-05-01,12.75,75.09
OCEAN,Months,2025-07-29,TD20,2026-06-01,12.75,75.09
OCEAN,Months,2025-07-29,TD22,2025-10-01,29.6296,8.0
OCEAN,Months,2025-07-29,TD22,2025-11-01,29.6296,8.0
OCEAN,Months,2025-07-29,TD22,2025-12-01,29.6296,8.0
OCEAN,Months,2025-07-29,TD22,2026-01-01,26.8519,7.25
OCEAN,Months,2025-07-29,TD22,2026-02-01,26.8519,7.25
OCEAN,Months,2025-07-29,TD22,2026-03-01,26.8519,7.25
OCEAN,Months,2025-07-29,TD22,2026-04-01,25.5556,6.9
OCEAN,Months,2025-07-29,TD22,2026-05-01,25.5556,6.9
OCEAN,Months,2025-07-29,TD22,2026-06-01,25.5556,6.9
OCEAN,Months,2025-07-29,TD25,2025-10-01,29.89,138.83
OCEAN,Months,2025-07-29,TD25,2025-11-01,29.89,138.83
OCEAN,Months,2025-07-29,TD25,2025-12-01,29.89,138.83
OCEAN,Months,2025-07-29,TD25,2026-01-01,26.58,123.46
OCEAN,Months,2025-07-29,TD25,2026-02-01,26.58,123.46
OCEAN,Months,2025-07-29,TD25,2026-03-01,26.58,123.46
OCEAN,Months,2025-07-29,TD25,2026-04-01,23.68,109.99
OCEAN,Months,2025-07-29,TD25,2026-05-01,23.68,109.99
OCEAN,Months,2025-07-29,TD25,2026-06-01,23.68,109.99
OCEAN,Months,2025-07-29,TD3C,2026-07-01,11.8,54.68
OCEAN,Months,2025-07-29,TD3C,2026-08-01,11.8,54.68
OCEAN,Months,2025-07-29,TD3C,2026-09-01,11.8,54.68
OCEAN,Months,2025-07-29,TD3C,2026-10-01,11.8,54.68
OCEAN,Months,2025-07-29,TD3C,2026-11-01,11.8,54.68
OCEAN,Months,2025-07-29,TD3C,2026-12-01,11.8,54.68
OCEAN,Months,2025-07-29,TD3C,2027-01-01,11.1,51.44
OCEAN,Months,2025-07-29,TD3C,2027-02-01,11.1,51.44
OCEAN,Months,2025-07-29,TD3C,2027-03-01,11.1,51.44
OCEAN,Months,2025-07-29,TD3C,2027-04-01,11.1,51.44
OCEAN,Months,2025-07-29,TD3C,2027-05-01,11.1,51.44
OCEAN,Months,2025-07-29,TD3C,2027-06-01,11.1,51.44
OCEAN,Months,2025-07-29,TD3C,2027-07-01,11.1,51.44
OCEAN,Months,2025-07-29,TD3C,2027-08-01,11.1,51.44
OCEAN,Months,2025-07-29,TD3C,2027-09-01,11.1,51.44
OCEAN,Months,2025-07-29,TD3C,2027-10-01,11.1,51.44
OCEAN,Months,2025-07-29,TD3C,2027-11-01,11.1,51.44
OCEAN,Months,2025-07-29,TD3C,2027-12-01,11.1,51.44
OCEAN,Months,2025-07-29,TD20,2026-07-01,12.75,75.09
OCEAN,Months,2025-07-29,TD20,2026-08-01,12.75,75.09
OCEAN,Months,2025-07-29,TD20,2026-09-01,12.75,75.09
OCEAN,Months,2025-07-29,TD20,2026-10-01,12.75,75.09
OCEAN,Months,2025-07-29,TD20,2026-11-01,12.75,75.09
OCEAN,Months,2025-07-29,TD20,2026-12-01,12.75,75.09
OCEAN,Months,2025-07-29,TD20,2027-01-01,11.5,67.73
OCEAN,Months,2025-07-29,TD20,2027-02-01,11.5,67.73
OCEAN,Months,2025-07-29,TD20,2027-03-01,11.5,67.73
OCEAN,Months,2025-07-29,TD20,2027-04-01,11.5,67.73
OCEAN,Months,2025-07-29,TD20,2027-05-01,11.5,67.73
OCEAN,Months,2025-07-29,TD20,2027-06-01,11.5,67.73
OCEAN,Months,2025-07-29,TD20,2027-07-01,11.5,67.73
OCEAN,Months,2025-07-29,TD20,2027-08-01,11.5,67.73
OCEAN,Months,2025-07-29,TD20,2027-09-01,11.5,67.73
OCEAN,Months,2025-07-29,TD20,2027-10-01,11.5,67.73
OCEAN,Months,2025-07-29,TD20,2027-11-01,11.5,67.73
OCEAN,Months,2025-07-29,TD20,2027-12-01,11.5,67.73
OCEAN,Months,2025-07-29,TD22,2026-07-01,25.9259,7.0
OCEAN,Months,2025-07-29,TD22,2026-08-01,25.9259,7.0
OCEAN,Months,2025-07-29,TD22,2026-09-01,25.9259,7.0
OCEAN,Months,2025-07-29,TD22,2026-10-01,25.9259,7.0
OCEAN,Months,2025-07-29,TD22,2026-11-01,25.9259,7.0
OCEAN,Months,2025-07-29,TD22,2026-12-01,25.9259,7.0
OCEAN,Months,2025-07-29,TD22,2027-01-01,24.4444,6.6
OCEAN,Months,2025-07-29,TD22,2027-02-01,24.4444,6.6
OCEAN,Months,2025-07-29,TD22,2027-03-01,24.4444,6.6
OCEAN,Months,2025-07-29,TD22,2027-04-01,24.4444,6.6
OCEAN,Months,2025-07-29,TD22,2027-05-01,24.4444,6.6
OCEAN,Months,2025-07-29,TD22,2027-06-01,24.4444,6.6
OCEAN,Months,2025-07-29,TD22,2027-07-01,24.4444,6.6
OCEAN,Months,2025-07-29,TD22,2027-08-01,24.4444,6.6
OCEAN,Months,2025-07-29,TD22,2027-09-01,24.4444,6.6
OCEAN,Months,2025-07-29,TD22,2027-10-01,24.4444,6.6
OCEAN,Months,2025-07-29,TD22,2027-11-01,24.4444,6.6
OCEAN,Months,2025-07-29,TD22,2027-12-01,24.4444,6.6
OCEAN,Months,2025-07-29,TD25,2026-07-01,24.18,112.31
OCEAN,Months,2025-07-29,TD25,2026-08-01,24.18,112.31
OCEAN,Months,2025-07-29,TD25,2026-09-01,24.18,112.31
OCEAN,Months,2025-07-29,TD25,2026-10-01,24.18,112.31
OCEAN,Months,2025-07-29,TD25,2026-11-01,24.18,112.31
OCEAN,Months,2025-07-29,TD25,2026-12-01,24.18,112.31
OCEAN,Months,2025-07-29,TD25,2027-01-01,22.68,105.34
OCEAN,Months,2025-07-29,TD25,2027-02-01,22.68,105.34
OCEAN,Months,2025-07-29,TD25,2027-03-01,22.68,105.34
OCEAN,Months,2025-07-29,TD25,2027-04-01,22.68,105.34
OCEAN,Months,2025-07-29,TD25,2027-05-01,22.68,105.34
OCEAN,Months,2025-07-29,TD25,2027-06-01,22.68,105.34
OCEAN,Months,2025-07-29,TD25,2027-07-01,22.68,105.34
OCEAN,Months,2025-07-29,TD25,2027-08-01,22.68,105.34
OCEAN,Months,2025-07-29,TD25,2027-09-01,22.68,105.34
OCEAN,Months,2025-07-29,TD25,2027-10-01,22.68,105.34
OCEAN,Months,2025-07-29,TD25,2027-11-01,22.68,105.34
OCEAN,Months,2025-07-29,TD25,2027-12-01,22.68,105.34
OCEAN,Spot,2025-07-30,TD3C,2025-07-01,9.3439,43.3
OCEAN,Balmo,2025-07-30,TD3C,2025-07-01,9.42,43.65
OCEAN,Months,2025-07-30,TD3C,2025-07-01,10.52,48.75
OCEAN,Months,2025-07-30,TD3C,2025-08-01,11.65,54.0
OCEAN,Months,2025-07-30,TD3C,2025-09-01,11.6,53.75
OCEAN,Spot,2025-07-30,TD20,2025-07-01,13.3944,78.89
OCEAN,Balmo,2025-07-30,TD20,2025-07-01,13.83,81.46
OCEAN,Months,2025-07-30,TD20,2025-07-01,13.88,81.75
OCEAN,Months,2025-07-30,TD20,2025-08-01,14.43,85.0
OCEAN,Months,2025-07-30,TD20,2025-09-01,14.52,85.5
OCEAN,Spot,2025-07-30,TD22,2025-07-01,24.44,6.6
OCEAN,Balmo,2025-07-30,TD22,2025-07-01,25.6667,6.93
OCEAN,Months,2025-07-30,TD22,2025-07-01,26.4444,7.14
OCEAN,Months,2025-07-30,TD22,2025-08-01,26.1111,7.05
OCEAN,Months,2025-07-30,TD22,2025-09-01,25.5556,6.9
OCEAN,Spot,2025-07-30,TD25,2025-07-01,29.8,138.4
OCEAN,Balmo,2025-07-30,TD25,2025-07-01,27.02,125.51
OCEAN,Months,2025-07-30,TD25,2025-07-01,26.89,124.9
OCEAN,Months,2025-07-30,TD25,2025-08-01,30.23,140.4
OCEAN,Months,2025-07-30,TD25,2025-09-01,29.26,135.9
OCEAN,Months,2025-07-30,TD3C,2025-10-01,13.92,64.5
OCEAN,Months,2025-07-30,TD3C,2025-11-01,13.92,64.5
OCEAN,Months,2025-07-30,TD3C,2025-12-01,13.92,64.5
OCEAN,Months,2025-07-30,TD3C,2026-01-01,12.6,58.39
OCEAN,Months,2025-07-30,TD3C,2026-02-01,12.6,58.39
OCEAN,Months,2025-07-30,TD3C,2026-03-01,12.6,58.39
OCEAN,Months,2025-07-30,TD3C,2026-04-01,12.0,55.61
OCEAN,Months,2025-07-30,TD3C,2026-05-01,12.0,55.61
OCEAN,Months,2025-07-30,TD3C,2026-06-01,12.0,55.61
OCEAN,Months,2025-07-30,TD20,2025-10-01,15.62,92.0
OCEAN,Months,2025-07-30,TD20,2025-11-01,15.62,92.0
OCEAN,Months,2025-07-30,TD20,2025-12-01,15.62,92.0
OCEAN,Months,2025-07-30,TD20,2026-01-01,15.0,88.34
OCEAN,Months,2025-07-30,TD20,2026-02-01,15.0,88.34
OCEAN,Months,2025-07-30,TD20,2026-03-01,15.0,88.34
OCEAN,Months,2025-07-30,TD20,2026-04-01,13.0,76.56
OCEAN,Months,2025-07-30,TD20,2026-05-01,13.0,76.56
OCEAN,Months,2025-07-30,TD20,2026-06-01,13.0,76.56
OCEAN,Months,2025-07-30,TD22,2025-10-01,29.6296,8.0
OCEAN,Months,2025-07-30,TD22,2025-11-01,29.6296,8.0
OCEAN,Months,2025-07-30,TD22,2025-12-01,29.6296,8.0
OCEAN,Months,2025-07-30,TD22,2026-01-01,26.8519,7.25
OCEAN,Months,2025-07-30,TD22,2026-02-01,26.8519,7.25
OCEAN,Months,2025-07-30,TD22,2026-03-01,26.8519,7.25
OCEAN,Months,2025-07-30,TD22,2026-04-01,25.5556,6.9
OCEAN,Months,2025-07-30,TD22,2026-05-01,25.5556,6.9
OCEAN,Months,2025-07-30,TD22,2026-06-01,25.5556,6.9
OCEAN,Months,2025-07-30,TD25,2025-10-01,30.98,143.9
OCEAN,Months,2025-07-30,TD25,2025-11-01,30.98,143.9
OCEAN,Months,2025-07-30,TD25,2025-12-01,30.98,143.9
OCEAN,Months,2025-07-30,TD25,2026-01-01,27.0,125.41
OCEAN,Months,2025-07-30,TD25,2026-02-01,27.0,125.41
OCEAN,Months,2025-07-30,TD25,2026-03-01,27.0,125.41
OCEAN,Months,2025-07-30,TD25,2026-04-01,24.0,111.47
OCEAN,Months,2025-07-30,TD25,2026-05-01,24.0,111.47
OCEAN,Months,2025-07-30,TD25,2026-06-01,24.0,111.47
OCEAN,Months,2025-07-30,TD3C,2026-07-01,11.8,54.68
OCEAN,Months,2025-07-30,TD3C,2026-08-01,11.8,54.68
OCEAN,Months,2025-07-30,TD3C,2026-09-01,11.8,54.68
OCEAN,Months,2025-07-30,TD3C,2026-10-01,11.8,54.68
OCEAN,Months,2025-07-30,TD3C,2026-11-01,11.8,54.68
OCEAN,Months,2025-07-30,TD3C,2026-12-01,11.8,54.68
OCEAN,Months,2025-07-30,TD3C,2027-01-01,11.1,51.44
OCEAN,Months,2025-07-30,TD3C,2027-02-01,11.1,51.44
OCEAN,Months,2025-07-30,TD3C,2027-03-01,11.1,51.44
OCEAN,Months,2025-07-30,TD3C,2027-04-01,11.1,51.44
OCEAN,Months,2025-07-30,TD3C,2027-05-01,11.1,51.44
OCEAN,Months,2025-07-30,TD3C,2027-06-01,11.1,51.44
OCEAN,Months,2025-07-30,TD3C,2027-07-01,11.1,51.44
OCEAN,Months,2025-07-30,TD3C,2027-08-01,11.1,51.44
OCEAN,Months,2025-07-30,TD3C,2027-09-01,11.1,51.44
OCEAN,Months,2025-07-30,TD3C,2027-10-01,11.1,51.44
OCEAN,Months,2025-07-30,TD3C,2027-11-01,11.1,51.44
OCEAN,Months,2025-07-30,TD3C,2027-12-01,11.1,51.44
OCEAN,Months,2025-07-30,TD20,2026-07-01,13.0,76.56
OCEAN,Months,2025-07-30,TD20,2026-08-01,13.0,76.56
OCEAN,Months,2025-07-30,TD20,2026-09-01,13.0,76.56
OCEAN,Months,2025-07-30,TD20,2026-10-01,13.0,76.56
OCEAN,Months,2025-07-30,TD20,2026-11-01,13.0,76.56
OCEAN,Months,2025-07-30,TD20,2026-12-01,13.0,76.56
OCEAN,Months,2025-07-30,TD20,2027-01-01,11.5,67.73
OCEAN,Months,2025-07-30,TD20,2027-02-01,11.5,67.73
OCEAN,Months,2025-07-30,TD20,2027-03-01,11.5,67.73
OCEAN,Months,2025-07-30,TD20,2027-04-01,11.5,67.73
OCEAN,Months,2025-07-30,TD20,2027-05-01,11.5,67.73
OCEAN,Months,2025-07-30,TD20,2027-06-01,11.5,67.73
OCEAN,Months,2025-07-30,TD20,2027-07-01,11.5,67.73
OCEAN,Months,2025-07-30,TD20,2027-08-01,11.5,67.73
OCEAN,Months,2025-07-30,TD20,2027-09-01,11.5,67.73
OCEAN,Months,2025-07-30,TD20,2027-10-01,11.5,67.73
OCEAN,Months,2025-07-30,TD20,2027-11-01,11.5,67.73
OCEAN,Months,2025-07-30,TD20,2027-12-01,11.5,67.73
OCEAN,Months,2025-07-30,TD22,2026-07-01,25.9259,7.0
OCEAN,Months,2025-07-30,TD22,2026-08-01,25.9259,7.0
OCEAN,Months,2025-07-30,TD22,2026-09-01,25.9259,7.0
OCEAN,Months,2025-07-30,TD22,2026-10-01,25.9259,7.0
OCEAN,Months,2025-07-30,TD22,2026-11-01,25.9259,7.0
OCEAN,Months,2025-07-30,TD22,2026-12-01,25.9259,7.0
OCEAN,Months,2025-07-30,TD22,2027-01-01,24.4444,6.6
OCEAN,Months,2025-07-30,TD22,2027-02-01,24.4444,6.6
OCEAN,Months,2025-07-30,TD22,2027-03-01,24.4444,6.6
OCEAN,Months,2025-07-30,TD22,2027-04-01,24.4444,6.6
OCEAN,Months,2025-07-30,TD22,2027-05-01,24.4444,6.6
OCEAN,Months,2025-07-30,TD22,2027-06-01,24.4444,6.6
OCEAN,Months,2025-07-30,TD22,2027-07-01,24.4444,6.6
OCEAN,Months,2025-07-30,TD22,2027-08-01,24.4444,6.6
OCEAN,Months,2025-07-30,TD22,2027-09-01,24.4444,6.6
OCEAN,Months,2025-07-30,TD22,2027-10-01,24.4444,6.6
OCEAN,Months,2025-07-30,TD22,2027-11-01,24.4444,6.6
OCEAN,Months,2025-07-30,TD22,2027-12-01,24.4444,6.6
OCEAN,Months,2025-07-30,TD25,2026-07-01,24.65,114.49
OCEAN,Months,2025-07-30,TD25,2026-08-01,24.65,114.49
OCEAN,Months,2025-07-30,TD25,2026-09-01,24.65,114.49
OCEAN,Months,2025-07-30,TD25,2026-10-01,24.65,114.49
OCEAN,Months,2025-07-30,TD25,2026-11-01,24.65,114.49
OCEAN,Months,2025-07-30,TD25,2026-12-01,24.65,114.49
OCEAN,Months,2025-07-30,TD25,2027-01-01,22.95,106.6
OCEAN,Months,2025-07-30,TD25,2027-02-01,22.95,106.6
OCEAN,Months,2025-07-30,TD25,2027-03-01,22.95,106.6
OCEAN,Months,2025-07-30,TD25,2027-04-01,22.95,106.6
OCEAN,Months,2025-07-30,TD25,2027-05-01,22.95,106.6
OCEAN,Months,2025-07-30,TD25,2027-06-01,22.95,106.6
OCEAN,Months,2025-07-30,TD25,2027-07-01,22.95,106.6
OCEAN,Months,2025-07-30,TD25,2027-08-01,22.95,106.6
OCEAN,Months,2025-07-30,TD25,2027-09-01,22.95,106.6
OCEAN,Months,2025-07-30,TD25,2027-10-01,22.95,106.6
OCEAN,Months,2025-07-30,TD25,2027-11-01,22.95,106.6
OCEAN,Months,2025-07-30,TD25,2027-12-01,22.95,106.6
OCEAN,Spot,2025-07-31,TD3C,2025-07-01,9.4456,43.78
OCEAN,Months,2025-07-31,TD3C,2025-07-01,10.52,48.76
OCEAN,Months,2025-07-31,TD3C,2025-08-01,11.65,54.0
OCEAN,Months,2025-07-31,TD3C,2025-09-01,12.95,60.0
OCEAN,Spot,2025-07-31,TD20,2025-07-01,13.5831,80.0
OCEAN,Months,2025-07-31,TD20,2025-07-01,13.87,81.69
OCEAN,Months,2025-07-31,TD20,2025-08-01,14.69,86.5
OCEAN,Months,2025-07-31,TD20,2025-09-01,15.2,89.5
OCEAN,Spot,2025-07-31,TD22,2025-07-01,24.26,6.55
OCEAN,Months,2025-07-31,TD22,2025-07-01,26.3704,7.12
OCEAN,Months,2025-07-31,TD22,2025-08-01,26.1111,7.05
OCEAN,Months,2025-07-31,TD22,2025-09-01,25.5556,6.9
OCEAN,Spot,2025-07-31,TD25,2025-07-01,34.65,160.96
OCEAN,Months,2025-07-31,TD25,2025-07-01,27.14,126.07
OCEAN,Months,2025-07-31,TD25,2025-08-01,30.99,143.96
OCEAN,Months,2025-07-31,TD25,2025-09-01,29.92,138.96
OCEAN,Months,2025-07-31,TD3C,2025-10-01,14.24,66.0
OCEAN,Months,2025-07-31,TD3C,2025-11-01,14.24,66.0
OCEAN,Months,2025-07-31,TD3C,2025-12-01,14.24,66.0
OCEAN,Months,2025-07-31,TD3C,2026-01-01,13.2,61.17
OCEAN,Months,2025-07-31,TD3C,2026-02-01,13.2,61.17
OCEAN,Months,2025-07-31,TD3C,2026-03-01,13.2,61.17
OCEAN,Months,2025-07-31,TD3C,2026-04-01,12.4,57.46
OCEAN,Months,2025-07-31,TD3C,2026-05-01,12.4,57.46
OCEAN,Months,2025-07-31,TD3C,2026-06-01,12.4,57.46
OCEAN,Months,2025-07-31,TD20,2025-10-01,15.96,94.0
OCEAN,Months,2025-07-31,TD20,2025-11-01,15.96,94.0
OCEAN,Months,2025-07-31,TD20,2025-12-01,15.96,94.0
OCEAN,Months,2025-07-31,TD20,2026-01-01,14.92,87.87
OCEAN,Months,2025-07-31,TD20,2026-02-01,14.92,87.87
OCEAN,Months,2025-07-31,TD20,2026-03-01,14.92,87.87
OCEAN,Months,2025-07-31,TD20,2026-04-01,12.72,74.91
OCEAN,Months,2025-07-31,TD20,2026-05-01,12.72,74.91
OCEAN,Months,2025-07-31,TD20,2026-06-01,12.72,74.91
OCEAN,Months,2025-07-31,TD22,2025-10-01,29.6296,8.0
OCEAN,Months,2025-07-31,TD22,2025-11-01,29.6296,8.0
OCEAN,Months,2025-07-31,TD22,2025-12-01,29.6296,8.0
OCEAN,Months,2025-07-31,TD22,2026-01-01,26.8519,7.25
OCEAN,Months,2025-07-31,TD22,2026-02-01,26.8519,7.25
OCEAN,Months,2025-07-31,TD22,2026-03-01,26.8519,7.25
OCEAN,Months,2025-07-31,TD22,2026-04-01,25.5556,6.9
OCEAN,Months,2025-07-31,TD22,2026-05-01,25.5556,6.9
OCEAN,Months,2025-07-31,TD22,2026-06-01,25.5556,6.9
OCEAN,Months,2025-07-31,TD25,2025-10-01,31.96,148.46
OCEAN,Months,2025-07-31,TD25,2025-11-01,31.96,148.46
OCEAN,Months,2025-07-31,TD25,2025-12-01,31.96,148.46
OCEAN,Months,2025-07-31,TD25,2026-01-01,27.77,128.98
OCEAN,Months,2025-07-31,TD25,2026-02-01,27.77,128.98
OCEAN,Months,2025-07-31,TD25,2026-03-01,27.77,128.98
OCEAN,Months,2025-07-31,TD25,2026-04-01,24.42,113.42
OCEAN,Months,2025-07-31,TD25,2026-05-01,24.42,113.42
OCEAN,Months,2025-07-31,TD25,2026-06-01,24.42,113.42
OCEAN,Months,2025-07-31,TD3C,2026-07-01,12.1,56.07
OCEAN,Months,2025-07-31,TD3C,2026-08-01,12.1,56.07
OCEAN,Months,2025-07-31,TD3C,2026-09-01,12.1,56.07
OCEAN,Months,2025-07-31,TD3C,2026-10-01,12.1,56.07
OCEAN,Months,2025-07-31,TD3C,2026-11-01,12.1,56.07
OCEAN,Months,2025-07-31,TD3C,2026-12-01,12.1,56.07
OCEAN,Months,2025-07-31,TD3C,2027-01-01,11.1,51.44
OCEAN,Months,2025-07-31,TD3C,2027-02-01,11.1,51.44
OCEAN,Months,2025-07-31,TD3C,2027-03-01,11.1,51.44
OCEAN,Months,2025-07-31,TD3C,2027-04-01,11.1,51.44
OCEAN,Months,2025-07-31,TD3C,2027-05-01,11.1,51.44
OCEAN,Months,2025-07-31,TD3C,2027-06-01,11.1,51.44
OCEAN,Months,2025-07-31,TD3C,2027-07-01,11.1,51.44
OCEAN,Months,2025-07-31,TD3C,2027-08-01,11.1,51.44
OCEAN,Months,2025-07-31,TD3C,2027-09-01,11.1,51.44
OCEAN,Months,2025-07-31,TD3C,2027-10-01,11.1,51.44
OCEAN,Months,2025-07-31,TD3C,2027-11-01,11.1,51.44
OCEAN,Months,2025-07-31,TD3C,2027-12-01,11.1,51.44
OCEAN,Months,2025-07-31,TD20,2026-07-01,12.82,75.5
OCEAN,Months,2025-07-31,TD20,2026-08-01,12.82,75.5
OCEAN,Months,2025-07-31,TD20,2026-09-01,12.82,75.5
OCEAN,Months,2025-07-31,TD20,2026-10-01,12.82,75.5
OCEAN,Months,2025-07-31,TD20,2026-11-01,12.82,75.5
OCEAN,Months,2025-07-31,TD20,2026-12-01,12.82,75.5
OCEAN,Months,2025-07-31,TD20,2027-01-01,11.5,67.73
OCEAN,Months,2025-07-31,TD20,2027-02-01,11.5,67.73
OCEAN,Months,2025-07-31,TD20,2027-03-01,11.5,67.73
OCEAN,Months,2025-07-31,TD20,2027-04-01,11.5,67.73
OCEAN,Months,2025-07-31,TD20,2027-05-01,11.5,67.73
OCEAN,Months,2025-07-31,TD20,2027-06-01,11.5,67.73
OCEAN,Months,2025-07-31,TD20,2027-07-01,11.5,67.73
OCEAN,Months,2025-07-31,TD20,2027-08-01,11.5,67.73
OCEAN,Months,2025-07-31,TD20,2027-09-01,11.5,67.73
OCEAN,Months,2025-07-31,TD20,2027-10-01,11.5,67.73
OCEAN,Months,2025-07-31,TD20,2027-11-01,11.5,67.73
OCEAN,Months,2025-07-31,TD20,2027-12-01,11.5,67.73
OCEAN,Months,2025-07-31,TD22,2026-07-01,25.9259,7.0
OCEAN,Months,2025-07-31,TD22,2026-08-01,25.9259,7.0
OCEAN,Months,2025-07-31,TD22,2026-09-01,25.9259,7.0
OCEAN,Months,2025-07-31,TD22,2026-10-01,25.9259,7.0
OCEAN,Months,2025-07-31,TD22,2026-11-01,25.9259,7.0
OCEAN,Months,2025-07-31,TD22,2026-12-01,25.9259,7.0
OCEAN,Months,2025-07-31,TD22,2027-01-01,24.4444,6.6
OCEAN,Months,2025-07-31,TD22,2027-02-01,24.4444,6.6
OCEAN,Months,2025-07-31,TD22,2027-03-01,24.4444,6.6
OCEAN,Months,2025-07-31,TD22,2027-04-01,24.4444,6.6
OCEAN,Months,2025-07-31,TD22,2027-05-01,24.4444,6.6
OCEAN,Months,2025-07-31,TD22,2027-06-01,24.4444,6.6
OCEAN,Months,2025-07-31,TD22,2027-07-01,24.4444,6.6
OCEAN,Months,2025-07-31,TD22,2027-08-01,24.4444,6.6
OCEAN,Months,2025-07-31,TD22,2027-09-01,24.4444,6.6
OCEAN,Months,2025-07-31,TD22,2027-10-01,24.4444,6.6
OCEAN,Months,2025-07-31,TD22,2027-11-01,24.4444,6.6
OCEAN,Months,2025-07-31,TD22,2027-12-01,24.4444,6.6
OCEAN,Months,2025-07-31,TD25,2026-07-01,24.84,115.4
OCEAN,Months,2025-07-31,TD25,2026-08-01,24.84,115.4
OCEAN,Months,2025-07-31,TD25,2026-09-01,24.84,115.4
OCEAN,Months,2025-07-31,TD25,2026-10-01,24.84,115.4
OCEAN,Months,2025-07-31,TD25,2026-11-01,24.84,115.4
OCEAN,Months,2025-07-31,TD25,2026-12-01,24.84,115.4
OCEAN,Months,2025-07-31,TD25,2027-01-01,23.02,106.92
OCEAN,Months,2025-07-31,TD25,2027-02-01,23.02,106.92
OCEAN,Months,2025-07-31,TD25,2027-03-01,23.02,106.92
OCEAN,Months,2025-07-31,TD25,2027-04-01,23.02,106.92
OCEAN,Months,2025-07-31,TD25,2027-05-01,23.02,106.92
OCEAN,Months,2025-07-31,TD25,2027-06-01,23.02,106.92
OCEAN,Months,2025-07-31,TD25,2027-07-01,23.02,106.92
OCEAN,Months,2025-07-31,TD25,2027-08-01,23.02,106.92
OCEAN,Months,2025-07-31,TD25,2027-09-01,23.02,106.92
OCEAN,Months,2025-07-31,TD25,2027-10-01,23.02,106.92
OCEAN,Months,2025-07-31,TD25,2027-11-01,23.02,106.92
OCEAN,Months,2025-07-31,TD25,2027-12-01,23.02,106.92
OCEAN,Spot,2025-08-01,TD3C,2025-08-01,9.632,44.63
OCEAN,Balmo,2025-08-01,TD3C,2025-08-01,11.99,55.55
OCEAN,Months,2025-08-01,TD3C,2025-08-01,11.87,55.0
OCEAN,Months,2025-08-01,TD3C,2025-09-01,13.6,63.0
OCEAN,Months,2025-08-01,TD3C,2025-10-01,13.92,64.5
OCEAN,Spot,2025-08-01,TD20,2025-08-01,14.672,86.39
OCEAN,Balmo,2025-08-01,TD20,2025-08-01,15.4,90.72
OCEAN,Months,2025-08-01,TD20,2025-08-01,15.37,90.5
OCEAN,Months,2025-08-01,TD20,2025-09-01,15.37,90.5
OCEAN,Months,2025-08-01,TD20,2025-10-01,15.62,92.0
OCEAN,Spot,2025-08-01,TD22,2025-08-01,24.44,6.6
OCEAN,Balmo,2025-08-01,TD22,2025-08-01,26.1944,7.0725
OCEAN,Months,2025-08-01,TD22,2025-08-01,26.1111,7.05
OCEAN,Months,2025-08-01,TD22,2025-09-01,25.5556,6.9
OCEAN,Months,2025-08-01,TD22,2025-10-01,27.4074,7.4
OCEAN,Spot,2025-08-01,TD25,2025-08-01,37.91,176.06
OCEAN,Balmo,2025-08-01,TD25,2025-08-01,31.8,147.71
OCEAN,Months,2025-08-01,TD25,2025-08-01,32.09,149.06
OCEAN,Months,2025-08-01,TD25,2025-09-01,31.23,145.06
OCEAN,Months,2025-08-01,TD25,2025-10-01,31.45,146.06
OCEAN,Months,2025-08-01,TD3C,2025-11-01,14.46,67.0
OCEAN,Months,2025-08-01,TD3C,2025-12-01,14.46,67.0
OCEAN,Months,2025-08-01,TD3C,2026-01-01,13.2,61.17
OCEAN,Months,2025-08-01,TD3C,2026-02-01,13.2,61.17
OCEAN,Months,2025-08-01,TD3C,2026-03-01,13.2,61.17
OCEAN,Months,2025-08-01,TD3C,2026-04-01,12.4,57.46
OCEAN,Months,2025-08-01,TD3C,2026-05-01,12.4,57.46
OCEAN,Months,2025-08-01,TD3C,2026-06-01,12.4,57.46
OCEAN,Months,2025-08-01,TD3C,2026-07-01,10.75,49.81
OCEAN,Months,2025-08-01,TD3C,2026-08-01,10.75,49.81
OCEAN,Months,2025-08-01,TD3C,2026-09-01,10.75,49.81
OCEAN,Months,2025-08-01,TD20,2025-11-01,16.05,94.5
OCEAN,Months,2025-08-01,TD20,2025-12-01,16.05,94.5
OCEAN,Months,2025-08-01,TD20,2026-01-01,14.25,83.92
OCEAN,Months,2025-08-01,TD20,2026-02-01,14.25,83.92
OCEAN,Months,2025-08-01,TD20,2026-03-01,14.25,83.92
OCEAN,Months,2025-08-01,TD20,2026-04-01,12.85,75.68
OCEAN,Months,2025-08-01,TD20,2026-05-01,12.85,75.68
OCEAN,Months,2025-08-01,TD20,2026-06-01,12.85,75.68
OCEAN,Months,2025-08-01,TD20,2026-07-01,11.1,65.37
OCEAN,Months,2025-08-01,TD20,2026-08-01,11.1,65.37
OCEAN,Months,2025-08-01,TD20,2026-09-01,11.1,65.37
OCEAN,Months,2025-08-01,TD22,2025-11-01,29.6296,8.0
OCEAN,Months,2025-08-01,TD22,2025-12-01,29.6296,8.0
OCEAN,Months,2025-08-01,TD22,2026-01-01,26.8519,7.25
OCEAN,Months,2025-08-01,TD22,2026-02-01,26.8519,7.25
OCEAN,Months,2025-08-01,TD22,2026-03-01,26.8519,7.25
OCEAN,Months,2025-08-01,TD22,2026-04-01,25.5556,6.9
OCEAN,Months,2025-08-01,TD22,2026-05-01,25.5556,6.9
OCEAN,Months,2025-08-01,TD22,2026-06-01,25.5556,6.9
OCEAN,Months,2025-08-01,TD22,2026-07-01,25.1852,6.8
OCEAN,Months,2025-08-01,TD22,2026-08-01,25.1852,6.8
OCEAN,Months,2025-08-01,TD22,2026-09-01,25.1852,6.8
OCEAN,Months,2025-08-01,TD25,2025-11-01,32.09,149.06
OCEAN,Months,2025-08-01,TD25,2025-12-01,32.09,149.06
OCEAN,Months,2025-08-01,TD25,2026-01-01,27.75,128.89
OCEAN,Months,2025-08-01,TD25,2026-02-01,27.75,128.89
OCEAN,Months,2025-08-01,TD25,2026-03-01,27.75,128.89
OCEAN,Months,2025-08-01,TD25,2026-04-01,24.5,113.79
OCEAN,Months,2025-08-01,TD25,2026-05-01,24.5,113.79
OCEAN,Months,2025-08-01,TD25,2026-06-01,24.5,113.79
OCEAN,Months,2025-08-01,TD25,2026-07-01,22.65,105.2
OCEAN,Months,2025-08-01,TD25,2026-08-01,22.65,105.2
OCEAN,Months,2025-08-01,TD25,2026-09-01,22.65,105.2
OCEAN,Months,2025-08-01,TD3C,2026-10-01,12.15,56.3
OCEAN,Months,2025-08-01,TD3C,2026-11-01,12.15,56.3
OCEAN,Months,2025-08-01,TD3C,2026-12-01,12.15,56.3
OCEAN,Months,2025-08-01,TD3C,2027-01-01,11.2,51.9
OCEAN,Months,2025-08-01,TD3C,2027-02-01,11.2,51.9
OCEAN,Months,2025-08-01,TD3C,2027-03-01,11.2,51.9
OCEAN,Months,2025-08-01,TD3C,2027-04-01,11.2,51.9
OCEAN,Months,2025-08-01,TD3C,2027-05-01,11.2,51.9
OCEAN,Months,2025-08-01,TD3C,2027-06-01,11.2,51.9
OCEAN,Months,2025-08-01,TD3C,2027-07-01,11.2,51.9
OCEAN,Months,2025-08-01,TD3C,2027-08-01,11.2,51.9
OCEAN,Months,2025-08-01,TD3C,2027-09-01,11.2,51.9
OCEAN,Months,2025-08-01,TD3C,2027-10-01,11.2,51.9
OCEAN,Months,2025-08-01,TD3C,2027-11-01,11.2,51.9
OCEAN,Months,2025-08-01,TD3C,2027-12-01,11.2,51.9
OCEAN,Months,2025-08-01,TD20,2026-10-01,12.82,75.5
OCEAN,Months,2025-08-01,TD20,2026-11-01,12.82,75.5
OCEAN,Months,2025-08-01,TD20,2026-12-01,12.82,75.5
OCEAN,Months,2025-08-01,TD20,2027-01-01,11.5,67.73
OCEAN,Months,2025-08-01,TD20,2027-02-01,11.5,67.73
OCEAN,Months,2025-08-01,TD20,2027-03-01,11.5,67.73
OCEAN,Months,2025-08-01,TD20,2027-04-01,11.5,67.73
OCEAN,Months,2025-08-01,TD20,2027-05-01,11.5,67.73
OCEAN,Months,2025-08-01,TD20,2027-06-01,11.5,67.73
OCEAN,Months,2025-08-01,TD20,2027-07-01,11.5,67.73
OCEAN,Months,2025-08-01,TD20,2027-08-01,11.5,67.73
OCEAN,Months,2025-08-01,TD20,2027-09-01,11.5,67.73
OCEAN,Months,2025-08-01,TD20,2027-10-01,11.5,67.73
OCEAN,Months,2025-08-01,TD20,2027-11-01,11.5,67.73
OCEAN,Months,2025-08-01,TD20,2027-12-01,11.5,67.73
OCEAN,Months,2025-08-01,TD22,2026-10-01,25.9259,7.0
OCEAN,Months,2025-08-01,TD22,2026-11-01,25.9259,7.0
OCEAN,Months,2025-08-01,TD22,2026-12-01,25.9259,7.0
OCEAN,Months,2025-08-01,TD22,2027-01-01,24.4444,6.6
OCEAN,Months,2025-08-01,TD22,2027-02-01,24.4444,6.6
OCEAN,Months,2025-08-01,TD22,2027-03-01,24.4444,6.6
OCEAN,Months,2025-08-01,TD22,2027-04-01,24.4444,6.6
OCEAN,Months,2025-08-01,TD22,2027-05-01,24.4444,6.6
OCEAN,Months,2025-08-01,TD22,2027-06-01,24.4444,6.6
OCEAN,Months,2025-08-01,TD22,2027-07-01,24.4444,6.6
OCEAN,Months,2025-08-01,TD22,2027-08-01,24.4444,6.6
OCEAN,Months,2025-08-01,TD22,2027-09-01,24.4444,6.6
OCEAN,Months,2025-08-01,TD22,2027-10-01,24.4444,6.6
OCEAN,Months,2025-08-01,TD22,2027-11-01,24.4444,6.6
OCEAN,Months,2025-08-01,TD22,2027-12-01,24.4444,6.6
OCEAN,Months,2025-08-01,TD25,2026-10-01,24.88,115.56
OCEAN,Months,2025-08-01,TD25,2026-11-01,24.88,115.56
OCEAN,Months,2025-08-01,TD25,2026-12-01,24.88,115.56
OCEAN,Months,2025-08-01,TD25,2027-01-01,23.05,107.06
OCEAN,Months,2025-08-01,TD25,2027-02-01,23.05,107.06
OCEAN,Months,2025-08-01,TD25,2027-03-01,23.05,107.06
OCEAN,Months,2025-08-01,TD25,2027-04-01,23.05,107.06
OCEAN,Months,2025-08-01,TD25,2027-05-01,23.05,107.06
OCEAN,Months,2025-08-01,TD25,2027-06-01,23.05,107.06
OCEAN,Months,2025-08-01,TD25,2027-07-01,23.05,107.06
OCEAN,Months,2025-08-01,TD25,2027-08-01,23.05,107.06
OCEAN,Months,2025-08-01,TD25,2027-09-01,23.05,107.06
OCEAN,Months,2025-08-01,TD25,2027-10-01,23.05,107.06
OCEAN,Months,2025-08-01,TD25,2027-11-01,23.05,107.06
OCEAN,Months,2025-08-01,TD25,2027-12-01,23.05,107.06
OCEAN,Spot,2025-08-04,TD3C,2025-08-01,10.1925,47.25
OCEAN,Balmo,2025-08-04,TD3C,2025-08-01,12.33,57.12
OCEAN,Months,2025-08-04,TD3C,2025-08-01,12.08,56.0
OCEAN,Months,2025-08-04,TD3C,2025-09-01,13.49,62.5
OCEAN,Months,2025-08-04,TD3C,2025-10-01,13.92,64.5
OCEAN,Spot,2025-08-04,TD20,2025-08-01,14.9967,88.33
OCEAN,Balmo,2025-08-04,TD20,2025-08-01,15.52,91.4
OCEAN,Months,2025-08-04,TD20,2025-08-01,15.45,91.0
OCEAN,Months,2025-08-04,TD20,2025-09-01,15.79,93.0
OCEAN,Months,2025-08-04,TD20,2025-10-01,15.79,93.0
OCEAN,Spot,2025-08-04,TD22,2025-08-01,25.19,6.8
OCEAN,Balmo,2025-08-04,TD22,2025-08-01,26.2476,7.0868
OCEAN,Months,2025-08-04,TD22,2025-08-01,26.1111,7.05
OCEAN,Months,2025-08-04,TD22,2025-09-01,25.5556,6.9
OCEAN,Months,2025-08-04,TD22,2025-10-01,27.4074,7.4
OCEAN,Spot,2025-08-04,TD25,2025-08-01,37.91,176.09
OCEAN,Balmo,2025-08-04,TD25,2025-08-01,30.77,142.93
OCEAN,Months,2025-08-04,TD25,2025-08-01,31.45,146.09
OCEAN,Months,2025-08-04,TD25,2025-09-01,31.02,144.09
OCEAN,Months,2025-08-04,TD25,2025-10-01,31.67,147.09
OCEAN,Months,2025-08-04,TD3C,2025-11-01,14.35,66.5
OCEAN,Months,2025-08-04,TD3C,2025-12-01,14.35,66.5
OCEAN,Months,2025-08-04,TD3C,2026-01-01,13.2,61.17
OCEAN,Months,2025-08-04,TD3C,2026-02-01,13.2,61.17
OCEAN,Months,2025-08-04,TD3C,2026-03-01,13.2,61.17
OCEAN,Months,2025-08-04,TD3C,2026-04-01,12.4,57.46
OCEAN,Months,2025-08-04,TD3C,2026-05-01,12.4,57.46
OCEAN,Months,2025-08-04,TD3C,2026-06-01,12.4,57.46
OCEAN,Months,2025-08-04,TD3C,2026-07-01,10.75,49.81
OCEAN,Months,2025-08-04,TD3C,2026-08-01,10.75,49.81
OCEAN,Months,2025-08-04,TD3C,2026-09-01,10.75,49.81
OCEAN,Months,2025-08-04,TD20,2025-11-01,15.88,93.5
OCEAN,Months,2025-08-04,TD20,2025-12-01,15.88,93.5
OCEAN,Months,2025-08-04,TD20,2026-01-01,14.25,83.92
OCEAN,Months,2025-08-04,TD20,2026-02-01,14.25,83.92
OCEAN,Months,2025-08-04,TD20,2026-03-01,14.25,83.92
OCEAN,Months,2025-08-04,TD20,2026-04-01,12.85,75.68
OCEAN,Months,2025-08-04,TD20,2026-05-01,12.85,75.68
OCEAN,Months,2025-08-04,TD20,2026-06-01,12.85,75.68
OCEAN,Months,2025-08-04,TD20,2026-07-01,11.1,65.37
OCEAN,Months,2025-08-04,TD20,2026-08-01,11.1,65.37
OCEAN,Months,2025-08-04,TD20,2026-09-01,11.1,65.37
OCEAN,Months,2025-08-04,TD22,2025-11-01,29.6296,8.0
OCEAN,Months,2025-08-04,TD22,2025-12-01,29.6296,8.0
OCEAN,Months,2025-08-04,TD22,2026-01-01,26.8519,7.25
OCEAN,Months,2025-08-04,TD22,2026-02-01,26.8519,7.25
OCEAN,Months,2025-08-04,TD22,2026-03-01,26.8519,7.25
OCEAN,Months,2025-08-04,TD22,2026-04-01,25.5556,6.9
OCEAN,Months,2025-08-04,TD22,2026-05-01,25.5556,6.9
OCEAN,Months,2025-08-04,TD22,2026-06-01,25.5556,6.9
OCEAN,Months,2025-08-04,TD22,2026-07-01,25.1852,6.8
OCEAN,Months,2025-08-04,TD22,2026-08-01,25.1852,6.8
OCEAN,Months,2025-08-04,TD22,2026-09-01,25.1852,6.8
OCEAN,Months,2025-08-04,TD25,2025-11-01,32.1,149.09
OCEAN,Months,2025-08-04,TD25,2025-12-01,32.1,149.09
OCEAN,Months,2025-08-04,TD25,2026-01-01,27.76,128.93
OCEAN,Months,2025-08-04,TD25,2026-02-01,27.76,128.93
OCEAN,Months,2025-08-04,TD25,2026-03-01,27.76,128.93
OCEAN,Months,2025-08-04,TD25,2026-04-01,24.51,113.84
OCEAN,Months,2025-08-04,TD25,2026-05-01,24.51,113.84
OCEAN,Months,2025-08-04,TD25,2026-06-01,24.51,113.84
OCEAN,Months,2025-08-04,TD25,2026-07-01,22.66,105.25
OCEAN,Months,2025-08-04,TD25,2026-08-01,22.66,105.25
OCEAN,Months,2025-08-04,TD25,2026-09-01,22.66,105.25
OCEAN,Months,2025-08-04,TD3C,2026-10-01,12.15,56.3
OCEAN,Months,2025-08-04,TD3C,2026-11-01,12.15,56.3
OCEAN,Months,2025-08-04,TD3C,2026-12-01,12.15,56.3
OCEAN,Months,2025-08-04,TD3C,2027-01-01,11.2,51.9
OCEAN,Months,2025-08-04,TD3C,2027-02-01,11.2,51.9
OCEAN,Months,2025-08-04,TD3C,2027-03-01,11.2,51.9
OCEAN,Months,2025-08-04,TD3C,2027-04-01,11.2,51.9
OCEAN,Months,2025-08-04,TD3C,2027-05-01,11.2,51.9
OCEAN,Months,2025-08-04,TD3C,2027-06-01,11.2,51.9
OCEAN,Months,2025-08-04,TD3C,2027-07-01,11.2,51.9
OCEAN,Months,2025-08-04,TD3C,2027-08-01,11.2,51.9
OCEAN,Months,2025-08-04,TD3C,2027-09-01,11.2,51.9
OCEAN,Months,2025-08-04,TD3C,2027-10-01,11.2,51.9
OCEAN,Months,2025-08-04,TD3C,2027-11-01,11.2,51.9
OCEAN,Months,2025-08-04,TD3C,2027-12-01,11.2,51.9
OCEAN,Months,2025-08-04,TD20,2026-10-01,12.82,75.5
OCEAN,Months,2025-08-04,TD20,2026-11-01,12.82,75.5
OCEAN,Months,2025-08-04,TD20,2026-12-01,12.82,75.5
OCEAN,Months,2025-08-04,TD20,2027-01-01,11.5,67.73
OCEAN,Months,2025-08-04,TD20,2027-02-01,11.5,67.73
OCEAN,Months,2025-08-04,TD20,2027-03-01,11.5,67.73
OCEAN,Months,2025-08-04,TD20,2027-04-01,11.5,67.73
OCEAN,Months,2025-08-04,TD20,2027-05-01,11.5,67.73
OCEAN,Months,2025-08-04,TD20,2027-06-01,11.5,67.73
OCEAN,Months,2025-08-04,TD20,2027-07-01,11.5,67.73
OCEAN,Months,2025-08-04,TD20,2027-08-01,11.5,67.73
OCEAN,Months,2025-08-04,TD20,2027-09-01,11.5,67.73
OCEAN,Months,2025-08-04,TD20,2027-10-01,11.5,67.73
OCEAN,Months,2025-08-04,TD20,2027-11-01,11.5,67.73
OCEAN,Months,2025-08-04,TD20,2027-12-01,11.5,67.73
OCEAN,Months,2025-08-04,TD22,2026-10-01,25.9259,7.0
OCEAN,Months,2025-08-04,TD22,2026-11-01,25.9259,7.0
OCEAN,Months,2025-08-04,TD22,2026-12-01,25.9259,7.0
OCEAN,Months,2025-08-04,TD22,2027-01-01,24.4444,6.6
OCEAN,Months,2025-08-04,TD22,2027-02-01,24.4444,6.6
OCEAN,Months,2025-08-04,TD22,2027-03-01,24.4444,6.6
OCEAN,Months,2025-08-04,TD22,2027-04-01,24.4444,6.6
OCEAN,Months,2025-08-04,TD22,2027-05-01,24.4444,6.6
OCEAN,Months,2025-08-04,TD22,2027-06-01,24.4444,6.6
OCEAN,Months,2025-08-04,TD22,2027-07-01,24.4444,6.6
OCEAN,Months,2025-08-04,TD22,2027-08-01,24.4444,6.6
OCEAN,Months,2025-08-04,TD22,2027-09-01,24.4444,6.6
OCEAN,Months,2025-08-04,TD22,2027-10-01,24.4444,6.6
OCEAN,Months,2025-08-04,TD22,2027-11-01,24.4444,6.6
OCEAN,Months,2025-08-04,TD22,2027-12-01,24.4444,6.6
OCEAN,Months,2025-08-04,TD25,2026-10-01,24.89,115.6
OCEAN,Months,2025-08-04,TD25,2026-11-01,24.89,115.6
OCEAN,Months,2025-08-04,TD25,2026-12-01,24.89,115.6
OCEAN,Months,2025-08-04,TD25,2027-01-01,23.06,107.1
OCEAN,Months,2025-08-04,TD25,2027-02-01,23.06,107.1
OCEAN,Months,2025-08-04,TD25,2027-03-01,23.06,107.1
OCEAN,Months,2025-08-04,TD25,2027-04-01,23.06,107.1
OCEAN,Months,2025-08-04,TD25,2027-05-01,23.06,107.1
OCEAN,Months,2025-08-04,TD25,2027-06-01,23.06,107.1
OCEAN,Months,2025-08-04,TD25,2027-07-01,23.06,107.1
OCEAN,Months,2025-08-04,TD25,2027-08-01,23.06,107.1
OCEAN,Months,2025-08-04,TD25,2027-09-01,23.06,107.1
OCEAN,Months,2025-08-04,TD25,2027-10-01,23.06,107.1
OCEAN,Months,2025-08-04,TD25,2027-11-01,23.06,107.1
OCEAN,Months,2025-08-04,TD25,2027-12-01,23.06,107.1
OCEAN,Spot,2025-08-05,TD3C,2025-08-01,10.6492,49.35
OCEAN,Balmo,2025-08-05,TD3C,2025-08-01,12.68,58.75
OCEAN,Months,2025-08-05,TD3C,2025-08-01,12.3,57.0
OCEAN,Months,2025-08-05,TD3C,2025-09-01,13.6,63.0
OCEAN,Months,2025-08-05,TD3C,2025-10-01,13.81,64.0
OCEAN,Spot,2025-08-05,TD20,2025-08-01,16.4594,96.94
OCEAN,Balmo,2025-08-05,TD20,2025-08-01,16.26,95.78
OCEAN,Months,2025-08-05,TD20,2025-08-01,16.13,95.0
OCEAN,Months,2025-08-05,TD20,2025-09-01,15.62,92.0
OCEAN,Months,2025-08-05,TD20,2025-10-01,15.88,93.5
OCEAN,Spot,2025-08-05,TD22,2025-08-01,25.74,6.95
OCEAN,Balmo,2025-08-05,TD22,2025-08-01,26.2757,7.0944
OCEAN,Months,2025-08-05,TD22,2025-08-01,26.1111,7.05
OCEAN,Months,2025-08-05,TD22,2025-09-01,25.5556,6.9
OCEAN,Months,2025-08-05,TD22,2025-10-01,27.4074,7.4
OCEAN,Spot,2025-08-05,TD25,2025-08-01,36.81,170.99
OCEAN,Balmo,2025-08-05,TD25,2025-08-01,30.67,142.43
OCEAN,Months,2025-08-05,TD25,2025-08-01,31.65,146.99
OCEAN,Months,2025-08-05,TD25,2025-09-01,30.25,140.49
OCEAN,Months,2025-08-05,TD25,2025-10-01,31.65,146.99
OCEAN,Months,2025-08-05,TD3C,2025-11-01,14.35,66.5
OCEAN,Months,2025-08-05,TD3C,2025-12-01,14.35,66.5
OCEAN,Months,2025-08-05,TD3C,2026-01-01,13.2,61.17
OCEAN,Months,2025-08-05,TD3C,2026-02-01,13.2,61.17
OCEAN,Months,2025-08-05,TD3C,2026-03-01,13.2,61.17
OCEAN,Months,2025-08-05,TD3C,2026-04-01,12.3,57.0
OCEAN,Months,2025-08-05,TD3C,2026-05-01,12.3,57.0
OCEAN,Months,2025-08-05,TD3C,2026-06-01,12.3,57.0
OCEAN,Months,2025-08-05,TD3C,2026-07-01,10.75,49.81
OCEAN,Months,2025-08-05,TD3C,2026-08-01,10.75,49.81
OCEAN,Months,2025-08-05,TD3C,2026-09-01,10.75,49.81
OCEAN,Months,2025-08-05,TD20,2025-11-01,16.13,95.0
OCEAN,Months,2025-08-05,TD20,2025-12-01,16.13,95.0
OCEAN,Months,2025-08-05,TD20,2026-01-01,14.57,85.81
OCEAN,Months,2025-08-05,TD20,2026-02-01,14.57,85.81
OCEAN,Months,2025-08-05,TD20,2026-03-01,14.57,85.81
OCEAN,Months,2025-08-05,TD20,2026-04-01,13.07,76.97
OCEAN,Months,2025-08-05,TD20,2026-05-01,13.07,76.97
OCEAN,Months,2025-08-05,TD20,2026-06-01,13.07,76.97
OCEAN,Months,2025-08-05,TD20,2026-07-01,11.1,65.37
OCEAN,Months,2025-08-05,TD20,2026-08-01,11.1,65.37
OCEAN,Months,2025-08-05,TD20,2026-09-01,11.1,65.37
OCEAN,Months,2025-08-05,TD22,2025-11-01,29.6296,8.0
OCEAN,Months,2025-08-05,TD22,2025-12-01,29.6296,8.0
OCEAN,Months,2025-08-05,TD22,2026-01-01,26.8519,7.25
OCEAN,Months,2025-08-05,TD22,2026-02-01,26.8519,7.25
OCEAN,Months,2025-08-05,TD22,2026-03-01,26.8519,7.25
OCEAN,Months,2025-08-05,TD22,2026-04-01,25.5556,6.9
OCEAN,Months,2025-08-05,TD22,2026-05-01,25.5556,6.9
OCEAN,Months,2025-08-05,TD22,2026-06-01,25.5556,6.9
OCEAN,Months,2025-08-05,TD22,2026-07-01,25.1852,6.8
OCEAN,Months,2025-08-05,TD22,2026-08-01,25.1852,6.8
OCEAN,Months,2025-08-05,TD22,2026-09-01,25.1852,6.8
OCEAN,Months,2025-08-05,TD25,2025-11-01,32.08,148.99
OCEAN,Months,2025-08-05,TD25,2025-12-01,32.08,148.99
OCEAN,Months,2025-08-05,TD25,2026-01-01,28.23,131.12
OCEAN,Months,2025-08-05,TD25,2026-02-01,28.23,131.12
OCEAN,Months,2025-08-05,TD25,2026-03-01,28.23,131.12
OCEAN,Months,2025-08-05,TD25,2026-04-01,24.73,114.86
OCEAN,Months,2025-08-05,TD25,2026-05-01,24.73,114.86
OCEAN,Months,2025-08-05,TD25,2026-06-01,24.73,114.86
OCEAN,Months,2025-08-05,TD25,2026-07-01,23.18,107.66
OCEAN,Months,2025-08-05,TD25,2026-08-01,23.18,107.66
OCEAN,Months,2025-08-05,TD25,2026-09-01,23.18,107.66
OCEAN,Months,2025-08-05,TD3C,2026-10-01,12.25,56.77
OCEAN,Months,2025-08-05,TD3C,2026-11-01,12.25,56.77
OCEAN,Months,2025-08-05,TD3C,2026-12-01,12.25,56.77
OCEAN,Months,2025-08-05,TD3C,2027-01-01,11.2,51.9
OCEAN,Months,2025-08-05,TD3C,2027-02-01,11.2,51.9
OCEAN,Months,2025-08-05,TD3C,2027-03-01,11.2,51.9
OCEAN,Months,2025-08-05,TD3C,2027-04-01,11.2,51.9
OCEAN,Months,2025-08-05,TD3C,2027-05-01,11.2,51.9
OCEAN,Months,2025-08-05,TD3C,2027-06-01,11.2,51.9
OCEAN,Months,2025-08-05,TD3C,2027-07-01,11.2,51.9
OCEAN,Months,2025-08-05,TD3C,2027-08-01,11.2,51.9
OCEAN,Months,2025-08-05,TD3C,2027-09-01,11.2,51.9
OCEAN,Months,2025-08-05,TD3C,2027-10-01,11.2,51.9
OCEAN,Months,2025-08-05,TD3C,2027-11-01,11.2,51.9
OCEAN,Months,2025-08-05,TD3C,2027-12-01,11.2,51.9
OCEAN,Months,2025-08-05,TD20,2026-10-01,12.95,76.27
OCEAN,Months,2025-08-05,TD20,2026-11-01,12.95,76.27
OCEAN,Months,2025-08-05,TD20,2026-12-01,12.95,76.27
OCEAN,Months,2025-08-05,TD20,2027-01-01,11.5,67.73
OCEAN,Months,2025-08-05,TD20,2027-02-01,11.5,67.73
OCEAN,Months,2025-08-05,TD20,2027-03-01,11.5,67.73
OCEAN,Months,2025-08-05,TD20,2027-04-01,11.5,67.73
OCEAN,Months,2025-08-05,TD20,2027-05-01,11.5,67.73
OCEAN,Months,2025-08-05,TD20,2027-06-01,11.5,67.73
OCEAN,Months,2025-08-05,TD20,2027-07-01,11.5,67.73
OCEAN,Months,2025-08-05,TD20,2027-08-01,11.5,67.73
OCEAN,Months,2025-08-05,TD20,2027-09-01,11.5,67.73
OCEAN,Months,2025-08-05,TD20,2027-10-01,11.5,67.73
OCEAN,Months,2025-08-05,TD20,2027-11-01,11.5,67.73
OCEAN,Months,2025-08-05,TD20,2027-12-01,11.5,67.73
OCEAN,Months,2025-08-05,TD22,2026-10-01,25.9259,7.0
OCEAN,Months,2025-08-05,TD22,2026-11-01,25.9259,7.0
OCEAN,Months,2025-08-05,TD22,2026-12-01,25.9259,7.0
OCEAN,Months,2025-08-05,TD22,2027-01-01,24.4444,6.6
OCEAN,Months,2025-08-05,TD22,2027-02-01,24.4444,6.6
OCEAN,Months,2025-08-05,TD22,2027-03-01,24.4444,6.6
OCEAN,Months,2025-08-05,TD22,2027-04-01,24.4444,6.6
OCEAN,Months,2025-08-05,TD22,2027-05-01,24.4444,6.6
OCEAN,Months,2025-08-05,TD22,2027-06-01,24.4444,6.6
OCEAN,Months,2025-08-05,TD22,2027-07-01,24.4444,6.6
OCEAN,Months,2025-08-05,TD22,2027-08-01,24.4444,6.6
OCEAN,Months,2025-08-05,TD22,2027-09-01,24.4444,6.6
OCEAN,Months,2025-08-05,TD22,2027-10-01,24.4444,6.6
OCEAN,Months,2025-08-05,TD22,2027-11-01,24.4444,6.6
OCEAN,Months,2025-08-05,TD22,2027-12-01,24.4444,6.6
OCEAN,Months,2025-08-05,TD25,2026-10-01,25.23,117.19
OCEAN,Months,2025-08-05,TD25,2026-11-01,25.23,117.19
OCEAN,Months,2025-08-05,TD25,2026-12-01,25.23,117.19
OCEAN,Months,2025-08-05,TD25,2027-01-01,23.13,107.43
OCEAN,Months,2025-08-05,TD25,2027-02-01,23.13,107.43
OCEAN,Months,2025-08-05,TD25,2027-03-01,23.13,107.43
OCEAN,Months,2025-08-05,TD25,2027-04-01,23.13,107.43
OCEAN,Months,2025-08-05,TD25,2027-05-01,23.13,107.43
OCEAN,Months,2025-08-05,TD25,2027-06-01,23.13,107.43
OCEAN,Months,2025-08-05,TD25,2027-07-01,23.13,107.43
OCEAN,Months,2025-08-05,TD25,2027-08-01,23.13,107.43
OCEAN,Months,2025-08-05,TD25,2027-09-01,23.13,107.43
OCEAN,Months,2025-08-05,TD25,2027-10-01,23.13,107.43
OCEAN,Months,2025-08-05,TD25,2027-11-01,23.13,107.43
OCEAN,Months,2025-08-05,TD25,2027-12-01,23.13,107.43
OCEAN,Spot,2025-08-06,TD3C,2025-08-01,11.4947,53.25
OCEAN,Balmo,2025-08-06,TD3C,2025-08-01,13.02,60.35
OCEAN,Months,2025-08-06,TD3C,2025-08-01,12.52,58.0
OCEAN,Months,2025-08-06,TD3C,2025-09-01,13.6,63.0
OCEAN,Months,2025-08-06,TD3C,2025-10-01,13.81,64.0
OCEAN,Spot,2025-08-06,TD20,2025-08-01,20.5157,120.83
OCEAN,Balmo,2025-08-06,TD20,2025-08-01,16.0,94.22
OCEAN,Months,2025-08-06,TD20,2025-08-01,16.13,95.0
OCEAN,Months,2025-08-06,TD20,2025-09-01,15.54,91.5
OCEAN,Months,2025-08-06,TD20,2025-10-01,15.88,93.5
OCEAN,Spot,2025-08-06,TD22,2025-08-01,25.74,6.95
OCEAN,Balmo,2025-08-06,TD22,2025-08-01,26.0675,7.0382
OCEAN,Months,2025-08-06,TD22,2025-08-01,25.9259,7.0
OCEAN,Months,2025-08-06,TD22,2025-09-01,26.4815,7.15
OCEAN,Months,2025-08-06,TD22,2025-10-01,27.037,7.3
OCEAN,Spot,2025-08-06,TD25,2025-08-01,32.51,150.99
OCEAN,Balmo,2025-08-06,TD25,2025-08-01,29.92,138.99
OCEAN,Months,2025-08-06,TD25,2025-08-01,31.14,144.61
OCEAN,Months,2025-08-06,TD25,2025-09-01,29.93,138.99
OCEAN,Months,2025-08-06,TD25,2025-10-01,31.22,144.99
OCEAN,Months,2025-08-06,TD3C,2025-11-01,14.46,67.0
OCEAN,Months,2025-08-06,TD3C,2025-12-01,14.46,67.0
OCEAN,Months,2025-08-06,TD3C,2026-01-01,13.3,61.63
OCEAN,Months,2025-08-06,TD3C,2026-02-01,13.3,61.63
OCEAN,Months,2025-08-06,TD3C,2026-03-01,13.3,61.63
OCEAN,Months,2025-08-06,TD3C,2026-04-01,12.3,57.0
OCEAN,Months,2025-08-06,TD3C,2026-05-01,12.3,57.0
OCEAN,Months,2025-08-06,TD3C,2026-06-01,12.3,57.0
OCEAN,Months,2025-08-06,TD3C,2026-07-01,10.75,49.81
OCEAN,Months,2025-08-06,TD3C,2026-08-01,10.75,49.81
OCEAN,Months,2025-08-06,TD3C,2026-09-01,10.75,49.81
OCEAN,Months,2025-08-06,TD20,2025-11-01,16.17,95.25
OCEAN,Months,2025-08-06,TD20,2025-12-01,16.17,95.25
OCEAN,Months,2025-08-06,TD20,2026-01-01,14.57,85.81
OCEAN,Months,2025-08-06,TD20,2026-02-01,14.57,85.81
OCEAN,Months,2025-08-06,TD20,2026-03-01,14.57,85.81
OCEAN,Months,2025-08-06,TD20,2026-04-01,13.07,76.97
OCEAN,Months,2025-08-06,TD20,2026-05-01,13.07,76.97
OCEAN,Months,2025-08-06,TD20,2026-06-01,13.07,76.97
OCEAN,Months,2025-08-06,TD20,2026-07-01,11.1,65.37
OCEAN,Months,2025-08-06,TD20,2026-08-01,11.1,65.37
OCEAN,Months,2025-08-06,TD20,2026-09-01,11.1,65.37
OCEAN,Months,2025-08-06,TD22,2025-11-01,29.6296,8.0
OCEAN,Months,2025-08-06,TD22,2025-12-01,29.6296,8.0
OCEAN,Months,2025-08-06,TD22,2026-01-01,26.8519,7.25
OCEAN,Months,2025-08-06,TD22,2026-02-01,26.8519,7.25
OCEAN,Months,2025-08-06,TD22,2026-03-01,26.8519,7.25
OCEAN,Months,2025-08-06,TD22,2026-04-01,25.5556,6.9
OCEAN,Months,2025-08-06,TD22,2026-05-01,25.5556,6.9
OCEAN,Months,2025-08-06,TD22,2026-06-01,25.5556,6.9
OCEAN,Months,2025-08-06,TD22,2026-07-01,25.1852,6.8
OCEAN,Months,2025-08-06,TD22,2026-08-01,25.1852,6.8
OCEAN,Months,2025-08-06,TD22,2026-09-01,25.1852,6.8
OCEAN,Months,2025-08-06,TD25,2025-11-01,31.65,146.99
OCEAN,Months,2025-08-06,TD25,2025-12-01,31.65,146.99
OCEAN,Months,2025-08-06,TD25,2026-01-01,27.83,129.26
OCEAN,Months,2025-08-06,TD25,2026-02-01,27.83,129.26
OCEAN,Months,2025-08-06,TD25,2026-03-01,27.83,129.26
OCEAN,Months,2025-08-06,TD25,2026-04-01,24.53,113.93
OCEAN,Months,2025-08-06,TD25,2026-05-01,24.53,113.93
OCEAN,Months,2025-08-06,TD25,2026-06-01,24.53,113.93
OCEAN,Months,2025-08-06,TD25,2026-07-01,23.08,107.2
OCEAN,Months,2025-08-06,TD25,2026-08-01,23.08,107.2
OCEAN,Months,2025-08-06,TD25,2026-09-01,23.08,107.2
OCEAN,Months,2025-08-06,TD3C,2026-10-01,12.3,57.0
OCEAN,Months,2025-08-06,TD3C,2026-11-01,12.3,57.0
OCEAN,Months,2025-08-06,TD3C,2026-12-01,12.3,57.0
OCEAN,Months,2025-08-06,TD3C,2027-01-01,11.2,51.9
OCEAN,Months,2025-08-06,TD3C,2027-02-01,11.2,51.9
OCEAN,Months,2025-08-06,TD3C,2027-03-01,11.2,51.9
OCEAN,Months,2025-08-06,TD3C,2027-04-01,11.2,51.9
OCEAN,Months,2025-08-06,TD3C,2027-05-01,11.2,51.9
OCEAN,Months,2025-08-06,TD3C,2027-06-01,11.2,51.9
OCEAN,Months,2025-08-06,TD3C,2027-07-01,11.2,51.9
OCEAN,Months,2025-08-06,TD3C,2027-08-01,11.2,51.9
OCEAN,Months,2025-08-06,TD3C,2027-09-01,11.2,51.9
OCEAN,Months,2025-08-06,TD3C,2027-10-01,11.2,51.9
OCEAN,Months,2025-08-06,TD3C,2027-11-01,11.2,51.9
OCEAN,Months,2025-08-06,TD3C,2027-12-01,11.2,51.9
OCEAN,Months,2025-08-06,TD20,2026-10-01,12.95,76.27
OCEAN,Months,2025-08-06,TD20,2026-11-01,12.95,76.27
OCEAN,Months,2025-08-06,TD20,2026-12-01,12.95,76.27
OCEAN,Months,2025-08-06,TD20,2027-01-01,11.5,67.73
OCEAN,Months,2025-08-06,TD20,2027-02-01,11.5,67.73
OCEAN,Months,2025-08-06,TD20,2027-03-01,11.5,67.73
OCEAN,Months,2025-08-06,TD20,2027-04-01,11.5,67.73
OCEAN,Months,2025-08-06,TD20,2027-05-01,11.5,67.73
OCEAN,Months,2025-08-06,TD20,2027-06-01,11.5,67.73
OCEAN,Months,2025-08-06,TD20,2027-07-01,11.5,67.73
OCEAN,Months,2025-08-06,TD20,2027-08-01,11.5,67.73
OCEAN,Months,2025-08-06,TD20,2027-09-01,11.5,67.73
OCEAN,Months,2025-08-06,TD20,2027-10-01,11.5,67.73
OCEAN,Months,2025-08-06,TD20,2027-11-01,11.5,67.73
OCEAN,Months,2025-08-06,TD20,2027-12-01,11.5,67.73
OCEAN,Months,2025-08-06,TD22,2026-10-01,25.9259,7.0
OCEAN,Months,2025-08-06,TD22,2026-11-01,25.9259,7.0
OCEAN,Months,2025-08-06,TD22,2026-12-01,25.9259,7.0
OCEAN,Months,2025-08-06,TD22,2027-01-01,24.4444,6.6
OCEAN,Months,2025-08-06,TD22,2027-02-01,24.4444,6.6
OCEAN,Months,2025-08-06,TD22,2027-03-01,24.4444,6.6
OCEAN,Months,2025-08-06,TD22,2027-04-01,24.4444,6.6
OCEAN,Months,2025-08-06,TD22,2027-05-01,24.4444,6.6
OCEAN,Months,2025-08-06,TD22,2027-06-01,24.4444,6.6
OCEAN,Months,2025-08-06,TD22,2027-07-01,24.4444,6.6
OCEAN,Months,2025-08-06,TD22,2027-08-01,24.4444,6.6
OCEAN,Months,2025-08-06,TD22,2027-09-01,24.4444,6.6
OCEAN,Months,2025-08-06,TD22,2027-10-01,24.4444,6.6
OCEAN,Months,2025-08-06,TD22,2027-11-01,24.4444,6.6
OCEAN,Months,2025-08-06,TD22,2027-12-01,24.4444,6.6
OCEAN,Months,2025-08-06,TD25,2026-10-01,25.08,116.49
OCEAN,Months,2025-08-06,TD25,2026-11-01,25.08,116.49
OCEAN,Months,2025-08-06,TD25,2026-12-01,25.08,116.49
OCEAN,Months,2025-08-06,TD25,2027-01-01,23.03,106.97
OCEAN,Months,2025-08-06,TD25,2027-02-01,23.03,106.97
OCEAN,Months,2025-08-06,TD25,2027-03-01,23.03,106.97
OCEAN,Months,2025-08-06,TD25,2027-04-01,23.03,106.97
OCEAN,Months,2025-08-06,TD25,2027-05-01,23.03,106.97
OCEAN,Months,2025-08-06,TD25,2027-06-01,23.03,106.97
OCEAN,Months,2025-08-06,TD25,2027-07-01,23.03,106.97
OCEAN,Months,2025-08-06,TD25,2027-08-01,23.03,106.97
OCEAN,Months,2025-08-06,TD25,2027-09-01,23.03,106.97
OCEAN,Months,2025-08-06,TD25,2027-10-01,23.03,106.97
OCEAN,Months,2025-08-06,TD25,2027-11-01,23.03,106.97
OCEAN,Months,2025-08-06,TD25,2027-12-01,23.03,106.97
OCEAN,Spot,2025-08-07,TD3C,2025-08-01,12.2239,56.65
OCEAN,Balmo,2025-08-07,TD3C,2025-08-01,12.07,55.92
OCEAN,Months,2025-08-07,TD3C,2025-08-01,11.76,54.5
OCEAN,Months,2025-08-07,TD3C,2025-09-01,13.43,62.25
OCEAN,Months,2025-08-07,TD3C,2025-10-01,13.81,64.0
OCEAN,Spot,2025-08-07,TD20,2025-08-01,20.4701,120.56
OCEAN,Balmo,2025-08-07,TD20,2025-08-01,15.93,93.8
OCEAN,Months,2025-08-07,TD20,2025-08-01,16.3,96.0
OCEAN,Months,2025-08-07,TD20,2025-09-01,15.45,91.0
OCEAN,Months,2025-08-07,TD20,2025-10-01,15.88,93.5
OCEAN,Spot,2025-08-07,TD22,2025-08-01,25.93,7.0
OCEAN,Balmo,2025-08-07,TD22,2025-08-01,26.3194,7.1063
OCEAN,Months,2025-08-07,TD22,2025-08-01,26.1111,7.05
OCEAN,Months,2025-08-07,TD22,2025-09-01,30.5556,8.25
OCEAN,Months,2025-08-07,TD22,2025-10-01,30.7407,8.3
OCEAN,Spot,2025-08-07,TD25,2025-08-01,30.34,140.9
OCEAN,Balmo,2025-08-07,TD25,2025-08-01,29.9,138.87
OCEAN,Months,2025-08-07,TD25,2025-08-01,31.14,144.62
OCEAN,Months,2025-08-07,TD25,2025-09-01,29.69,137.9
OCEAN,Months,2025-08-07,TD25,2025-10-01,31.2,144.9
OCEAN,Months,2025-08-07,TD3C,2025-11-01,14.35,66.5
OCEAN,Months,2025-08-07,TD3C,2025-12-01,14.35,66.5
OCEAN,Months,2025-08-07,TD3C,2026-01-01,13.1,60.7
OCEAN,Months,2025-08-07,TD3C,2026-02-01,13.1,60.7
OCEAN,Months,2025-08-07,TD3C,2026-03-01,13.1,60.7
OCEAN,Months,2025-08-07,TD3C,2026-04-01,12.2,56.53
OCEAN,Months,2025-08-07,TD3C,2026-05-01,12.2,56.53
OCEAN,Months,2025-08-07,TD3C,2026-06-01,12.2,56.53
OCEAN,Months,2025-08-07,TD3C,2026-07-01,10.7,49.58
OCEAN,Months,2025-08-07,TD3C,2026-08-01,10.7,49.58
OCEAN,Months,2025-08-07,TD3C,2026-09-01,10.7,49.58
OCEAN,Months,2025-08-07,TD20,2025-11-01,16.13,95.0
OCEAN,Months,2025-08-07,TD20,2025-12-01,16.13,95.0
OCEAN,Months,2025-08-07,TD20,2026-01-01,14.57,85.81
OCEAN,Months,2025-08-07,TD20,2026-02-01,14.57,85.81
OCEAN,Months,2025-08-07,TD20,2026-03-01,14.57,85.81
OCEAN,Months,2025-08-07,TD20,2026-04-01,13.07,76.97
OCEAN,Months,2025-08-07,TD20,2026-05-01,13.07,76.97
OCEAN,Months,2025-08-07,TD20,2026-06-01,13.07,76.97
OCEAN,Months,2025-08-07,TD20,2026-07-01,11.1,65.37
OCEAN,Months,2025-08-07,TD20,2026-08-01,11.1,65.37
OCEAN,Months,2025-08-07,TD20,2026-09-01,11.1,65.37
OCEAN,Months,2025-08-07,TD22,2025-11-01,31.8519,8.6
OCEAN,Months,2025-08-07,TD22,2025-12-01,31.8519,8.6
OCEAN,Months,2025-08-07,TD22,2026-01-01,26.8519,7.25
OCEAN,Months,2025-08-07,TD22,2026-02-01,26.8519,7.25
OCEAN,Months,2025-08-07,TD22,2026-03-01,26.8519,7.25
OCEAN,Months,2025-08-07,TD22,2026-04-01,25.5556,6.9
OCEAN,Months,2025-08-07,TD22,2026-05-01,25.5556,6.9
OCEAN,Months,2025-08-07,TD22,2026-06-01,25.5556,6.9
OCEAN,Months,2025-08-07,TD22,2026-07-01,25.1852,6.8
OCEAN,Months,2025-08-07,TD22,2026-08-01,25.1852,6.8
OCEAN,Months,2025-08-07,TD22,2026-09-01,25.1852,6.8
OCEAN,Months,2025-08-07,TD25,2025-11-01,31.63,146.9
OCEAN,Months,2025-08-07,TD25,2025-12-01,31.63,146.9
OCEAN,Months,2025-08-07,TD25,2026-01-01,27.8,129.12
OCEAN,Months,2025-08-07,TD25,2026-02-01,27.8,129.12
OCEAN,Months,2025-08-07,TD25,2026-03-01,27.8,129.12
OCEAN,Months,2025-08-07,TD25,2026-04-01,24.7,114.72
OCEAN,Months,2025-08-07,TD25,2026-05-01,24.7,114.72
OCEAN,Months,2025-08-07,TD25,2026-06-01,24.7,114.72
OCEAN,Months,2025-08-07,TD25,2026-07-01,23.1,107.29
OCEAN,Months,2025-08-07,TD25,2026-08-01,23.1,107.29
OCEAN,Months,2025-08-07,TD25,2026-09-01,23.1,107.29
OCEAN,Months,2025-08-07,TD3C,2026-10-01,12.2,56.53
OCEAN,Months,2025-08-07,TD3C,2026-11-01,12.2,56.53
OCEAN,Months,2025-08-07,TD3C,2026-12-01,12.2,56.53
OCEAN,Months,2025-08-07,TD3C,2027-01-01,11.2,51.9
OCEAN,Months,2025-08-07,TD3C,2027-02-01,11.2,51.9
OCEAN,Months,2025-08-07,TD3C,2027-03-01,11.2,51.9
OCEAN,Months,2025-08-07,TD3C,2027-04-01,11.2,51.9
OCEAN,Months,2025-08-07,TD3C,2027-05-01,11.2,51.9
OCEAN,Months,2025-08-07,TD3C,2027-06-01,11.2,51.9
OCEAN,Months,2025-08-07,TD3C,2027-07-01,11.2,51.9
OCEAN,Months,2025-08-07,TD3C,2027-08-01,11.2,51.9
OCEAN,Months,2025-08-07,TD3C,2027-09-01,11.2,51.9
OCEAN,Months,2025-08-07,TD3C,2027-10-01,11.2,51.9
OCEAN,Months,2025-08-07,TD3C,2027-11-01,11.2,51.9
OCEAN,Months,2025-08-07,TD3C,2027-12-01,11.2,51.9
OCEAN,Months,2025-08-07,TD20,2026-10-01,12.95,76.27
OCEAN,Months,2025-08-07,TD20,2026-11-01,12.95,76.27
OCEAN,Months,2025-08-07,TD20,2026-12-01,12.95,76.27
OCEAN,Months,2025-08-07,TD20,2027-01-01,11.5,67.73
OCEAN,Months,2025-08-07,TD20,2027-02-01,11.5,67.73
OCEAN,Months,2025-08-07,TD20,2027-03-01,11.5,67.73
OCEAN,Months,2025-08-07,TD20,2027-04-01,11.5,67.73
OCEAN,Months,2025-08-07,TD20,2027-05-01,11.5,67.73
OCEAN,Months,2025-08-07,TD20,2027-06-01,11.5,67.73
OCEAN,Months,2025-08-07,TD20,2027-07-01,11.5,67.73
OCEAN,Months,2025-08-07,TD20,2027-08-01,11.5,67.73
OCEAN,Months,2025-08-07,TD20,2027-09-01,11.5,67.73
OCEAN,Months,2025-08-07,TD20,2027-10-01,11.5,67.73
OCEAN,Months,2025-08-07,TD20,2027-11-01,11.5,67.73
OCEAN,Months,2025-08-07,TD20,2027-12-01,11.5,67.73
OCEAN,Months,2025-08-07,TD22,2026-10-01,25.9259,7.0
OCEAN,Months,2025-08-07,TD22,2026-11-01,25.9259,7.0
OCEAN,Months,2025-08-07,TD22,2026-12-01,25.9259,7.0
OCEAN,Months,2025-08-07,TD22,2027-01-01,24.4444,6.6
OCEAN,Months,2025-08-07,TD22,2027-02-01,24.4444,6.6
OCEAN,Months,2025-08-07,TD22,2027-03-01,24.4444,6.6
OCEAN,Months,2025-08-07,TD22,2027-04-01,24.4444,6.6
OCEAN,Months,2025-08-07,TD22,2027-05-01,24.4444,6.6
OCEAN,Months,2025-08-07,TD22,2027-06-01,24.4444,6.6
OCEAN,Months,2025-08-07,TD22,2027-07-01,24.4444,6.6
OCEAN,Months,2025-08-07,TD22,2027-08-01,24.4444,6.6
OCEAN,Months,2025-08-07,TD22,2027-09-01,24.4444,6.6
OCEAN,Months,2025-08-07,TD22,2027-10-01,24.4444,6.6
OCEAN,Months,2025-08-07,TD22,2027-11-01,24.4444,6.6
OCEAN,Months,2025-08-07,TD22,2027-12-01,24.4444,6.6
OCEAN,Months,2025-08-07,TD25,2026-10-01,25.2,117.05
OCEAN,Months,2025-08-07,TD25,2026-11-01,25.2,117.05
OCEAN,Months,2025-08-07,TD25,2026-12-01,25.2,117.05
OCEAN,Months,2025-08-07,TD25,2027-01-01,23.0,106.83
OCEAN,Months,2025-08-07,TD25,2027-02-01,23.0,106.83
OCEAN,Months,2025-08-07,TD25,2027-03-01,23.0,106.83
OCEAN,Months,2025-08-07,TD25,2027-04-01,23.0,106.83
OCEAN,Months,2025-08-07,TD25,2027-05-01,23.0,106.83
OCEAN,Months,2025-08-07,TD25,2027-06-01,23.0,106.83
OCEAN,Months,2025-08-07,TD25,2027-07-01,23.0,106.83
OCEAN,Months,2025-08-07,TD25,2027-08-01,23.0,106.83
OCEAN,Months,2025-08-07,TD25,2027-09-01,23.0,106.83
OCEAN,Months,2025-08-07,TD25,2027-10-01,23.0,106.83
OCEAN,Months,2025-08-07,TD25,2027-11-01,23.0,106.83
OCEAN,Months,2025-08-07,TD25,2027-12-01,23.0,106.83
OCEAN,Spot,2025-08-08,TD3C,2025-08-01,12.2784,56.9
OCEAN,Balmo,2025-08-08,TD3C,2025-08-01,12.82,59.43
OCEAN,Months,2025-08-08,TD3C,2025-08-01,12.3,57.0
OCEAN,Months,2025-08-08,TD3C,2025-09-01,13.6,63.0
OCEAN,Months,2025-08-08,TD3C,2025-10-01,13.81,64.0
OCEAN,Spot,2025-08-08,TD20,2025-08-01,20.891,123.06
OCEAN,Balmo,2025-08-08,TD20,2025-08-01,15.79,92.99
OCEAN,Months,2025-08-08,TD20,2025-08-01,16.45,96.9
OCEAN,Months,2025-08-08,TD20,2025-09-01,15.62,92.0
OCEAN,Months,2025-08-08,TD20,2025-10-01,15.88,93.5
OCEAN,Spot,2025-08-08,TD22,2025-08-01,25.93,7.0
OCEAN,Balmo,2025-08-08,TD22,2025-08-01,26.3457,7.1133
OCEAN,Months,2025-08-08,TD22,2025-08-01,26.1111,7.05
OCEAN,Months,2025-08-08,TD22,2025-09-01,30.5556,8.25
OCEAN,Months,2025-08-08,TD22,2025-10-01,30.7407,8.3
OCEAN,Spot,2025-08-08,TD25,2025-08-01,30.84,143.23
OCEAN,Balmo,2025-08-08,TD25,2025-08-01,30.47,141.54
OCEAN,Months,2025-08-08,TD25,2025-08-01,31.59,146.73
OCEAN,Months,2025-08-08,TD25,2025-09-01,30.3,140.73
OCEAN,Months,2025-08-08,TD25,2025-10-01,31.38,145.73
OCEAN,Months,2025-08-08,TD3C,2025-11-01,14.24,66.0
OCEAN,Months,2025-08-08,TD3C,2025-12-01,14.24,66.0
OCEAN,Months,2025-08-08,TD3C,2026-01-01,13.2,61.17
OCEAN,Months,2025-08-08,TD3C,2026-02-01,13.2,61.17
OCEAN,Months,2025-08-08,TD3C,2026-03-01,13.2,61.17
OCEAN,Months,2025-08-08,TD3C,2026-04-01,12.5,57.92
OCEAN,Months,2025-08-08,TD3C,2026-05-01,12.5,57.92
OCEAN,Months,2025-08-08,TD3C,2026-06-01,12.5,57.92
OCEAN,Months,2025-08-08,TD3C,2026-07-01,10.7,49.58
OCEAN,Months,2025-08-08,TD3C,2026-08-01,10.7,49.58
OCEAN,Months,2025-08-08,TD3C,2026-09-01,10.7,49.58
OCEAN,Months,2025-08-08,TD20,2025-11-01,16.13,95.0
OCEAN,Months,2025-08-08,TD20,2025-12-01,16.13,95.0
OCEAN,Months,2025-08-08,TD20,2026-01-01,14.57,85.81
OCEAN,Months,2025-08-08,TD20,2026-02-01,14.57,85.81
OCEAN,Months,2025-08-08,TD20,2026-03-01,14.57,85.81
OCEAN,Months,2025-08-08,TD20,2026-04-01,13.07,76.97
OCEAN,Months,2025-08-08,TD20,2026-05-01,13.07,76.97
OCEAN,Months,2025-08-08,TD20,2026-06-01,13.07,76.97
OCEAN,Months,2025-08-08,TD20,2026-07-01,11.1,65.37
OCEAN,Months,2025-08-08,TD20,2026-08-01,11.1,65.37
OCEAN,Months,2025-08-08,TD20,2026-09-01,11.1,65.37
OCEAN,Months,2025-08-08,TD22,2025-11-01,31.8519,8.6
OCEAN,Months,2025-08-08,TD22,2025-12-01,31.8519,8.6
OCEAN,Months,2025-08-08,TD22,2026-01-01,26.8519,7.25
OCEAN,Months,2025-08-08,TD22,2026-02-01,26.8519,7.25
OCEAN,Months,2025-08-08,TD22,2026-03-01,26.8519,7.25
OCEAN,Months,2025-08-08,TD22,2026-04-01,25.5556,6.9
OCEAN,Months,2025-08-08,TD22,2026-05-01,25.5556,6.9
OCEAN,Months,2025-08-08,TD22,2026-06-01,25.5556,6.9
OCEAN,Months,2025-08-08,TD22,2026-07-01,25.1852,6.8
OCEAN,Months,2025-08-08,TD22,2026-08-01,25.1852,6.8
OCEAN,Months,2025-08-08,TD22,2026-09-01,25.1852,6.8
OCEAN,Months,2025-08-08,TD25,2025-11-01,32.02,148.73
OCEAN,Months,2025-08-08,TD25,2025-12-01,32.02,148.73
OCEAN,Months,2025-08-08,TD25,2026-01-01,27.75,128.89
OCEAN,Months,2025-08-08,TD25,2026-02-01,27.75,128.89
OCEAN,Months,2025-08-08,TD25,2026-03-01,27.75,128.89
OCEAN,Months,2025-08-08,TD25,2026-04-01,24.65,114.49
OCEAN,Months,2025-08-08,TD25,2026-05-01,24.65,114.49
OCEAN,Months,2025-08-08,TD25,2026-06-01,24.65,114.49
OCEAN,Months,2025-08-08,TD25,2026-07-01,23.05,107.06
OCEAN,Months,2025-08-08,TD25,2026-08-01,23.05,107.06
OCEAN,Months,2025-08-08,TD25,2026-09-01,23.05,107.06
OCEAN,Months,2025-08-08,TD3C,2026-10-01,12.2,56.53
OCEAN,Months,2025-08-08,TD3C,2026-11-01,12.2,56.53
OCEAN,Months,2025-08-08,TD3C,2026-12-01,12.2,56.53
OCEAN,Months,2025-08-08,TD3C,2027-01-01,11.2,51.9
OCEAN,Months,2025-08-08,TD3C,2027-02-01,11.2,51.9
OCEAN,Months,2025-08-08,TD3C,2027-03-01,11.2,51.9
OCEAN,Months,2025-08-08,TD3C,2027-04-01,11.2,51.9
OCEAN,Months,2025-08-08,TD3C,2027-05-01,11.2,51.9
OCEAN,Months,2025-08-08,TD3C,2027-06-01,11.2,51.9
OCEAN,Months,2025-08-08,TD3C,2027-07-01,11.2,51.9
OCEAN,Months,2025-08-08,TD3C,2027-08-01,11.2,51.9
OCEAN,Months,2025-08-08,TD3C,2027-09-01,11.2,51.9
OCEAN,Months,2025-08-08,TD3C,2027-10-01,11.2,51.9
OCEAN,Months,2025-08-08,TD3C,2027-11-01,11.2,51.9
OCEAN,Months,2025-08-08,TD3C,2027-12-01,11.2,51.9
OCEAN,Months,2025-08-08,TD20,2026-10-01,12.95,76.27
OCEAN,Months,2025-08-08,TD20,2026-11-01,12.95,76.27
OCEAN,Months,2025-08-08,TD20,2026-12-01,12.95,76.27
OCEAN,Months,2025-08-08,TD20,2027-01-01,11.5,67.73
OCEAN,Months,2025-08-08,TD20,2027-02-01,11.5,67.73
OCEAN,Months,2025-08-08,TD20,2027-03-01,11.5,67.73
OCEAN,Months,2025-08-08,TD20,2027-04-01,11.5,67.73
OCEAN,Months,2025-08-08,TD20,2027-05-01,11.5,67.73
OCEAN,Months,2025-08-08,TD20,2027-06-01,11.5,67.73
OCEAN,Months,2025-08-08,TD20,2027-07-01,11.5,67.73
OCEAN,Months,2025-08-08,TD20,2027-08-01,11.5,67.73
OCEAN,Months,2025-08-08,TD20,2027-09-01,11.5,67.73
OCEAN,Months,2025-08-08,TD20,2027-10-01,11.5,67.73
OCEAN,Months,2025-08-08,TD20,2027-11-01,11.5,67.73
OCEAN,Months,2025-08-08,TD20,2027-12-01,11.5,67.73
OCEAN,Months,2025-08-08,TD22,2026-10-01,25.9259,7.0
OCEAN,Months,2025-08-08,TD22,2026-11-01,25.9259,7.0
OCEAN,Months,2025-08-08,TD22,2026-12-01,25.9259,7.0
OCEAN,Months,2025-08-08,TD22,2027-01-01,24.4444,6.6
OCEAN,Months,2025-08-08,TD22,2027-02-01,24.4444,6.6
OCEAN,Months,2025-08-08,TD22,2027-03-01,24.4444,6.6
OCEAN,Months,2025-08-08,TD22,2027-04-01,24.4444,6.6
OCEAN,Months,2025-08-08,TD22,2027-05-01,24.4444,6.6
OCEAN,Months,2025-08-08,TD22,2027-06-01,24.4444,6.6
OCEAN,Months,2025-08-08,TD22,2027-07-01,24.4444,6.6
OCEAN,Months,2025-08-08,TD22,2027-08-01,24.4444,6.6
OCEAN,Months,2025-08-08,TD22,2027-09-01,24.4444,6.6
OCEAN,Months,2025-08-08,TD22,2027-10-01,24.4444,6.6
OCEAN,Months,2025-08-08,TD22,2027-11-01,24.4444,6.6
OCEAN,Months,2025-08-08,TD22,2027-12-01,24.4444,6.6
OCEAN,Months,2025-08-08,TD25,2026-10-01,25.15,116.81
OCEAN,Months,2025-08-08,TD25,2026-11-01,25.15,116.81
OCEAN,Months,2025-08-08,TD25,2026-12-01,25.15,116.81
OCEAN,Months,2025-08-08,TD25,2027-01-01,22.95,106.6
OCEAN,Months,2025-08-08,TD25,2027-02-01,22.95,106.6
OCEAN,Months,2025-08-08,TD25,2027-03-01,22.95,106.6
OCEAN,Months,2025-08-08,TD25,2027-04-01,22.95,106.6
OCEAN,Months,2025-08-08,TD25,2027-05-01,22.95,106.6
OCEAN,Months,2025-08-08,TD25,2027-06-01,22.95,106.6
OCEAN,Months,2025-08-08,TD25,2027-07-01,22.95,106.6
OCEAN,Months,2025-08-08,TD25,2027-08-01,22.95,106.6
OCEAN,Months,2025-08-08,TD25,2027-09-01,22.95,106.6
OCEAN,Months,2025-08-08,TD25,2027-10-01,22.95,106.6
OCEAN,Months,2025-08-08,TD25,2027-11-01,22.95,106.6
OCEAN,Months,2025-08-08,TD25,2027-12-01,22.95,106.6
OCEAN,Spot,2025-08-11,TD3C,2025-08-01,12.2914,56.98
OCEAN,Balmo,2025-08-11,TD3C,2025-08-01,12.53,58.08
OCEAN,Months,2025-08-11,TD3C,2025-08-01,12.08,56.0
OCEAN,Months,2025-08-11,TD3C,2025-09-01,13.16,61.0
OCEAN,Months,2025-08-11,TD3C,2025-10-01,13.6,63.0
OCEAN,Spot,2025-08-11,TD20,2025-08-01,20.5124,120.83
OCEAN,Balmo,2025-08-11,TD20,2025-08-01,15.43,90.85
OCEAN,Months,2025-08-11,TD20,2025-08-01,16.45,96.9
OCEAN,Months,2025-08-11,TD20,2025-09-01,15.28,90.0
OCEAN,Months,2025-08-11,TD20,2025-10-01,15.62,92.0
OCEAN,Spot,2025-08-11,TD22,2025-08-01,26.67,7.2
OCEAN,Balmo,2025-08-11,TD22,2025-08-01,27.1561,7.3321
OCEAN,Months,2025-08-11,TD22,2025-08-01,26.6667,7.2
OCEAN,Months,2025-08-11,TD22,2025-09-01,30.5556,8.25
OCEAN,Months,2025-08-11,TD22,2025-10-01,30.7407,8.3
OCEAN,Spot,2025-08-11,TD25,2025-08-01,30.87,143.36
OCEAN,Balmo,2025-08-11,TD25,2025-08-01,30.17,140.11
OCEAN,Months,2025-08-11,TD25,2025-08-01,31.4,145.86
OCEAN,Months,2025-08-11,TD25,2025-09-01,30.11,139.86
OCEAN,Months,2025-08-11,TD25,2025-10-01,31.4,145.86
OCEAN,Months,2025-08-11,TD3C,2025-11-01,14.13,65.5
OCEAN,Months,2025-08-11,TD3C,2025-12-01,14.13,65.5
OCEAN,Months,2025-08-11,TD3C,2026-01-01,13.2,61.17
OCEAN,Months,2025-08-11,TD3C,2026-02-01,13.2,61.17
OCEAN,Months,2025-08-11,TD3C,2026-03-01,13.2,61.17
OCEAN,Months,2025-08-11,TD3C,2026-04-01,12.5,57.92
OCEAN,Months,2025-08-11,TD3C,2026-05-01,12.5,57.92
OCEAN,Months,2025-08-11,TD3C,2026-06-01,12.5,57.92
OCEAN,Months,2025-08-11,TD3C,2026-07-01,10.7,49.58
OCEAN,Months,2025-08-11,TD3C,2026-08-01,10.7,49.58
OCEAN,Months,2025-08-11,TD3C,2026-09-01,10.7,49.58
OCEAN,Months,2025-08-11,TD20,2025-11-01,15.96,94.0
OCEAN,Months,2025-08-11,TD20,2025-12-01,15.96,94.0
OCEAN,Months,2025-08-11,TD20,2026-01-01,14.57,85.81
OCEAN,Months,2025-08-11,TD20,2026-02-01,14.57,85.81
OCEAN,Months,2025-08-11,TD20,2026-03-01,14.57,85.81
OCEAN,Months,2025-08-11,TD20,2026-04-01,13.07,76.97
OCEAN,Months,2025-08-11,TD20,2026-05-01,13.07,76.97
OCEAN,Months,2025-08-11,TD20,2026-06-01,13.07,76.97
OCEAN,Months,2025-08-11,TD20,2026-07-01,11.1,65.37
OCEAN,Months,2025-08-11,TD20,2026-08-01,11.1,65.37
OCEAN,Months,2025-08-11,TD20,2026-09-01,11.1,65.37
OCEAN,Months,2025-08-11,TD22,2025-11-01,31.8519,8.6
OCEAN,Months,2025-08-11,TD22,2025-12-01,31.8519,8.6
OCEAN,Months,2025-08-11,TD22,2026-01-01,26.8519,7.25
OCEAN,Months,2025-08-11,TD22,2026-02-01,26.8519,7.25
OCEAN,Months,2025-08-11,TD22,2026-03-01,26.8519,7.25
OCEAN,Months,2025-08-11,TD22,2026-04-01,25.5556,6.9
OCEAN,Months,2025-08-11,TD22,2026-05-01,25.5556,6.9
OCEAN,Months,2025-08-11,TD22,2026-06-01,25.5556,6.9
OCEAN,Months,2025-08-11,TD22,2026-07-01,25.1852,6.8
OCEAN,Months,2025-08-11,TD22,2026-08-01,25.1852,6.8
OCEAN,Months,2025-08-11,TD22,2026-09-01,25.1852,6.8
OCEAN,Months,2025-08-11,TD25,2025-11-01,31.62,146.86
OCEAN,Months,2025-08-11,TD25,2025-12-01,31.62,146.86
OCEAN,Months,2025-08-11,TD25,2026-01-01,27.69,128.61
OCEAN,Months,2025-08-11,TD25,2026-02-01,27.69,128.61
OCEAN,Months,2025-08-11,TD25,2026-03-01,27.69,128.61
OCEAN,Months,2025-08-11,TD25,2026-04-01,24.59,114.21
OCEAN,Months,2025-08-11,TD25,2026-05-01,24.59,114.21
OCEAN,Months,2025-08-11,TD25,2026-06-01,24.59,114.21
OCEAN,Months,2025-08-11,TD25,2026-07-01,22.99,106.78
OCEAN,Months,2025-08-11,TD25,2026-08-01,22.99,106.78
OCEAN,Months,2025-08-11,TD25,2026-09-01,22.99,106.78
OCEAN,Months,2025-08-11,TD3C,2026-10-01,12.2,56.53
OCEAN,Months,2025-08-11,TD3C,2026-11-01,12.2,56.53
OCEAN,Months,2025-08-11,TD3C,2026-12-01,12.2,56.53
OCEAN,Months,2025-08-11,TD3C,2027-01-01,11.2,51.9
OCEAN,Months,2025-08-11,TD3C,2027-02-01,11.2,51.9
OCEAN,Months,2025-08-11,TD3C,2027-03-01,11.2,51.9
OCEAN,Months,2025-08-11,TD3C,2027-04-01,11.2,51.9
OCEAN,Months,2025-08-11,TD3C,2027-05-01,11.2,51.9
OCEAN,Months,2025-08-11,TD3C,2027-06-01,11.2,51.9
OCEAN,Months,2025-08-11,TD3C,2027-07-01,11.2,51.9
OCEAN,Months,2025-08-11,TD3C,2027-08-01,11.2,51.9
OCEAN,Months,2025-08-11,TD3C,2027-09-01,11.2,51.9
OCEAN,Months,2025-08-11,TD3C,2027-10-01,11.2,51.9
OCEAN,Months,2025-08-11,TD3C,2027-11-01,11.2,51.9
OCEAN,Months,2025-08-11,TD3C,2027-12-01,11.2,51.9
OCEAN,Months,2025-08-11,TD20,2026-10-01,12.95,76.27
OCEAN,Months,2025-08-11,TD20,2026-11-01,12.95,76.27
OCEAN,Months,2025-08-11,TD20,2026-12-01,12.95,76.27
OCEAN,Months,2025-08-11,TD20,2027-01-01,11.5,67.73
OCEAN,Months,2025-08-11,TD20,2027-02-01,11.5,67.73
OCEAN,Months,2025-08-11,TD20,2027-03-01,11.5,67.73
OCEAN,Months,2025-08-11,TD20,2027-04-01,11.5,67.73
OCEAN,Months,2025-08-11,TD20,2027-05-01,11.5,67.73
OCEAN,Months,2025-08-11,TD20,2027-06-01,11.5,67.73
OCEAN,Months,2025-08-11,TD20,2027-07-01,11.5,67.73
OCEAN,Months,2025-08-11,TD20,2027-08-01,11.5,67.73
OCEAN,Months,2025-08-11,TD20,2027-09-01,11.5,67.73
OCEAN,Months,2025-08-11,TD20,2027-10-01,11.5,67.73
OCEAN,Months,2025-08-11,TD20,2027-11-01,11.5,67.73
OCEAN,Months,2025-08-11,TD20,2027-12-01,11.5,67.73
OCEAN,Months,2025-08-11,TD22,2026-10-01,25.9259,7.0
OCEAN,Months,2025-08-11,TD22,2026-11-01,25.9259,7.0
OCEAN,Months,2025-08-11,TD22,2026-12-01,25.9259,7.0
OCEAN,Months,2025-08-11,TD22,2027-01-01,24.4444,6.6
OCEAN,Months,2025-08-11,TD22,2027-02-01,24.4444,6.6
OCEAN,Months,2025-08-11,TD22,2027-03-01,24.4444,6.6
OCEAN,Months,2025-08-11,TD22,2027-04-01,24.4444,6.6
OCEAN,Months,2025-08-11,TD22,2027-05-01,24.4444,6.6
OCEAN,Months,2025-08-11,TD22,2027-06-01,24.4444,6.6
OCEAN,Months,2025-08-11,TD22,2027-07-01,24.4444,6.6
OCEAN,Months,2025-08-11,TD22,2027-08-01,24.4444,6.6
OCEAN,Months,2025-08-11,TD22,2027-09-01,24.4444,6.6
OCEAN,Months,2025-08-11,TD22,2027-10-01,24.4444,6.6
OCEAN,Months,2025-08-11,TD22,2027-11-01,24.4444,6.6
OCEAN,Months,2025-08-11,TD22,2027-12-01,24.4444,6.6
OCEAN,Months,2025-08-11,TD25,2026-10-01,25.09,116.53
OCEAN,Months,2025-08-11,TD25,2026-11-01,25.09,116.53
OCEAN,Months,2025-08-11,TD25,2026-12-01,25.09,116.53
OCEAN,Months,2025-08-11,TD25,2027-01-01,22.99,106.78
OCEAN,Months,2025-08-11,TD25,2027-02-01,22.99,106.78
OCEAN,Months,2025-08-11,TD25,2027-03-01,22.99,106.78
OCEAN,Months,2025-08-11,TD25,2027-04-01,22.99,106.78
OCEAN,Months,2025-08-11,TD25,2027-05-01,22.99,106.78
OCEAN,Months,2025-08-11,TD25,2027-06-01,22.99,106.78
OCEAN,Months,2025-08-11,TD25,2027-07-01,22.99,106.78
OCEAN,Months,2025-08-11,TD25,2027-08-01,22.99,106.78
OCEAN,Months,2025-08-11,TD25,2027-09-01,22.99,106.78
OCEAN,Months,2025-08-11,TD25,2027-10-01,22.99,106.78
OCEAN,Months,2025-08-11,TD25,2027-11-01,22.99,106.78
OCEAN,Months,2025-08-11,TD25,2027-12-01,22.99,106.78
OCEAN,Spot,2025-08-12,TD3C,2025-08-01,11.7039,54.25
OCEAN,Balmo,2025-08-12,TD3C,2025-08-01,11.88,55.06
OCEAN,Months,2025-08-12,TD3C,2025-08-01,11.65,54.0
OCEAN,Months,2025-08-12,TD3C,2025-09-01,12.62,58.5
OCEAN,Months,2025-08-12,TD3C,2025-10-01,13.49,62.5
OCEAN,Spot,2025-08-12,TD20,2025-08-01,19.1498,112.78
OCEAN,Balmo,2025-08-12,TD20,2025-08-01,15.71,92.52
OCEAN,Months,2025-08-12,TD20,2025-08-01,16.81,99.0
OCEAN,Months,2025-08-12,TD20,2025-09-01,15.2,89.5
OCEAN,Months,2025-08-12,TD20,2025-10-01,15.62,92.0
OCEAN,Spot,2025-08-12,TD22,2025-08-01,26.67,7.2
OCEAN,Balmo,2025-08-12,TD22,2025-08-01,26.8946,7.2615
OCEAN,Months,2025-08-12,TD22,2025-08-01,26.4815,7.15
OCEAN,Months,2025-08-12,TD22,2025-09-01,30.5556,8.25
OCEAN,Months,2025-08-12,TD22,2025-10-01,30.7407,8.3
OCEAN,Spot,2025-08-12,TD25,2025-08-01,30.87,143.4
OCEAN,Balmo,2025-08-12,TD25,2025-08-01,29.51,137.08
OCEAN,Months,2025-08-12,TD25,2025-08-01,31.03,144.15
OCEAN,Months,2025-08-12,TD25,2025-09-01,29.47,136.9
OCEAN,Months,2025-08-12,TD25,2025-10-01,30.98,143.9
OCEAN,Months,2025-08-12,TD3C,2025-11-01,13.97,64.75
OCEAN,Months,2025-08-12,TD3C,2025-12-01,13.97,64.75
OCEAN,Months,2025-08-12,TD3C,2026-01-01,12.8,59.31
OCEAN,Months,2025-08-12,TD3C,2026-02-01,12.8,59.31
OCEAN,Months,2025-08-12,TD3C,2026-03-01,12.8,59.31
OCEAN,Months,2025-08-12,TD3C,2026-04-01,12.1,56.07
OCEAN,Months,2025-08-12,TD3C,2026-05-01,12.1,56.07
OCEAN,Months,2025-08-12,TD3C,2026-06-01,12.1,56.07
OCEAN,Months,2025-08-12,TD3C,2026-07-01,10.5,48.66
OCEAN,Months,2025-08-12,TD3C,2026-08-01,10.5,48.66
OCEAN,Months,2025-08-12,TD3C,2026-09-01,10.5,48.66
OCEAN,Months,2025-08-12,TD20,2025-11-01,15.62,92.0
OCEAN,Months,2025-08-12,TD20,2025-12-01,15.62,92.0
OCEAN,Months,2025-08-12,TD20,2026-01-01,14.57,85.81
OCEAN,Months,2025-08-12,TD20,2026-02-01,14.57,85.81
OCEAN,Months,2025-08-12,TD20,2026-03-01,14.57,85.81
OCEAN,Months,2025-08-12,TD20,2026-04-01,13.07,76.97
OCEAN,Months,2025-08-12,TD20,2026-05-01,13.07,76.97
OCEAN,Months,2025-08-12,TD20,2026-06-01,13.07,76.97
OCEAN,Months,2025-08-12,TD20,2026-07-01,11.1,65.37
OCEAN,Months,2025-08-12,TD20,2026-08-01,11.1,65.37
OCEAN,Months,2025-08-12,TD20,2026-09-01,11.1,65.37
OCEAN,Months,2025-08-12,TD22,2025-11-01,31.8519,8.6
OCEAN,Months,2025-08-12,TD22,2025-12-01,31.8519,8.6
OCEAN,Months,2025-08-12,TD22,2026-01-01,26.8519,7.25
OCEAN,Months,2025-08-12,TD22,2026-02-01,26.8519,7.25
OCEAN,Months,2025-08-12,TD22,2026-03-01,26.8519,7.25
OCEAN,Months,2025-08-12,TD22,2026-04-01,25.5556,6.9
OCEAN,Months,2025-08-12,TD22,2026-05-01,25.5556,6.9
OCEAN,Months,2025-08-12,TD22,2026-06-01,25.5556,6.9
OCEAN,Months,2025-08-12,TD22,2026-07-01,25.1852,6.8
OCEAN,Months,2025-08-12,TD22,2026-08-01,25.1852,6.8
OCEAN,Months,2025-08-12,TD22,2026-09-01,25.1852,6.8
OCEAN,Months,2025-08-12,TD25,2025-11-01,31.2,144.9
OCEAN,Months,2025-08-12,TD25,2025-12-01,31.2,144.9
OCEAN,Months,2025-08-12,TD25,2026-01-01,27.4,127.27
OCEAN,Months,2025-08-12,TD25,2026-02-01,27.4,127.27
OCEAN,Months,2025-08-12,TD25,2026-03-01,27.4,127.27
OCEAN,Months,2025-08-12,TD25,2026-04-01,24.6,114.26
OCEAN,Months,2025-08-12,TD25,2026-05-01,24.6,114.26
OCEAN,Months,2025-08-12,TD25,2026-06-01,24.6,114.26
OCEAN,Months,2025-08-12,TD25,2026-07-01,22.6,104.97
OCEAN,Months,2025-08-12,TD25,2026-08-01,22.6,104.97
OCEAN,Months,2025-08-12,TD25,2026-09-01,22.6,104.97
OCEAN,Months,2025-08-12,TD3C,2026-10-01,12.0,55.61
OCEAN,Months,2025-08-12,TD3C,2026-11-01,12.0,55.61
OCEAN,Months,2025-08-12,TD3C,2026-12-01,12.0,55.61
OCEAN,Months,2025-08-12,TD3C,2027-01-01,11.0,50.97
OCEAN,Months,2025-08-12,TD3C,2027-02-01,11.0,50.97
OCEAN,Months,2025-08-12,TD3C,2027-03-01,11.0,50.97
OCEAN,Months,2025-08-12,TD3C,2027-04-01,11.0,50.97
OCEAN,Months,2025-08-12,TD3C,2027-05-01,11.0,50.97
OCEAN,Months,2025-08-12,TD3C,2027-06-01,11.0,50.97
OCEAN,Months,2025-08-12,TD3C,2027-07-01,11.0,50.97
OCEAN,Months,2025-08-12,TD3C,2027-08-01,11.0,50.97
OCEAN,Months,2025-08-12,TD3C,2027-09-01,11.0,50.97
OCEAN,Months,2025-08-12,TD3C,2027-10-01,11.0,50.97
OCEAN,Months,2025-08-12,TD3C,2027-11-01,11.0,50.97
OCEAN,Months,2025-08-12,TD3C,2027-12-01,11.0,50.97
OCEAN,Months,2025-08-12,TD20,2026-10-01,12.95,76.27
OCEAN,Months,2025-08-12,TD20,2026-11-01,12.95,76.27
OCEAN,Months,2025-08-12,TD20,2026-12-01,12.95,76.27
OCEAN,Months,2025-08-12,TD20,2027-01-01,11.5,67.73
OCEAN,Months,2025-08-12,TD20,2027-02-01,11.5,67.73
OCEAN,Months,2025-08-12,TD20,2027-03-01,11.5,67.73
OCEAN,Months,2025-08-12,TD20,2027-04-01,11.5,67.73
OCEAN,Months,2025-08-12,TD20,2027-05-01,11.5,67.73
OCEAN,Months,2025-08-12,TD20,2027-06-01,11.5,67.73
OCEAN,Months,2025-08-12,TD20,2027-07-01,11.5,67.73
OCEAN,Months,2025-08-12,TD20,2027-08-01,11.5,67.73
OCEAN,Months,2025-08-12,TD20,2027-09-01,11.5,67.73
OCEAN,Months,2025-08-12,TD20,2027-10-01,11.5,67.73
OCEAN,Months,2025-08-12,TD20,2027-11-01,11.5,67.73
OCEAN,Months,2025-08-12,TD20,2027-12-01,11.5,67.73
OCEAN,Months,2025-08-12,TD22,2026-10-01,25.9259,7.0
OCEAN,Months,2025-08-12,TD22,2026-11-01,25.9259,7.0
OCEAN,Months,2025-08-12,TD22,2026-12-01,25.9259,7.0
OCEAN,Months,2025-08-12,TD22,2027-01-01,24.4444,6.6
OCEAN,Months,2025-08-12,TD22,2027-02-01,24.4444,6.6
OCEAN,Months,2025-08-12,TD22,2027-03-01,24.4444,6.6
OCEAN,Months,2025-08-12,TD22,2027-04-01,24.4444,6.6
OCEAN,Months,2025-08-12,TD22,2027-05-01,24.4444,6.6
OCEAN,Months,2025-08-12,TD22,2027-06-01,24.4444,6.6
OCEAN,Months,2025-08-12,TD22,2027-07-01,24.4444,6.6
OCEAN,Months,2025-08-12,TD22,2027-08-01,24.4444,6.6
OCEAN,Months,2025-08-12,TD22,2027-09-01,24.4444,6.6
OCEAN,Months,2025-08-12,TD22,2027-10-01,24.4444,6.6
OCEAN,Months,2025-08-12,TD22,2027-11-01,24.4444,6.6
OCEAN,Months,2025-08-12,TD22,2027-12-01,24.4444,6.6
OCEAN,Months,2025-08-12,TD25,2026-10-01,24.65,114.49
OCEAN,Months,2025-08-12,TD25,2026-11-01,24.65,114.49
OCEAN,Months,2025-08-12,TD25,2026-12-01,24.65,114.49
OCEAN,Months,2025-08-12,TD25,2027-01-01,23.0,106.83
OCEAN,Months,2025-08-12,TD25,2027-02-01,23.0,106.83
OCEAN,Months,2025-08-12,TD25,2027-03-01,23.0,106.83
OCEAN,Months,2025-08-12,TD25,2027-04-01,23.0,106.83
OCEAN,Months,2025-08-12,TD25,2027-05-01,23.0,106.83
OCEAN,Months,2025-08-12,TD25,2027-06-01,23.0,106.83
OCEAN,Months,2025-08-12,TD25,2027-07-01,23.0,106.83
OCEAN,Months,2025-08-12,TD25,2027-08-01,23.0,106.83
OCEAN,Months,2025-08-12,TD25,2027-09-01,23.0,106.83
OCEAN,Months,2025-08-12,TD25,2027-10-01,23.0,106.83
OCEAN,Months,2025-08-12,TD25,2027-11-01,23.0,106.83
OCEAN,Months,2025-08-12,TD25,2027-12-01,23.0,106.83
OCEAN,Spot,2025-08-13,TD3C,2025-08-01,11.9541,55.38
OCEAN,Balmo,2025-08-13,TD3C,2025-08-01,12.46,57.76
OCEAN,Months,2025-08-13,TD3C,2025-08-01,11.98,55.5
OCEAN,Months,2025-08-13,TD3C,2025-09-01,13.06,60.5
OCEAN,Months,2025-08-13,TD3C,2025-10-01,13.81,64.0
OCEAN,Spot,2025-08-13,TD20,2025-08-01,18.6147,109.64
OCEAN,Balmo,2025-08-13,TD20,2025-08-01,16.45,96.88
OCEAN,Months,2025-08-13,TD20,2025-08-01,17.36,102.25
OCEAN,Months,2025-08-13,TD20,2025-09-01,15.71,92.5
OCEAN,Months,2025-08-13,TD20,2025-10-01,16.13,95.0
OCEAN,Spot,2025-08-13,TD22,2025-08-01,26.67,7.2
OCEAN,Balmo,2025-08-13,TD22,2025-08-01,26.9136,7.2667
OCEAN,Months,2025-08-13,TD22,2025-08-01,26.4815,7.15
OCEAN,Months,2025-08-13,TD22,2025-09-01,30.5556,8.25
OCEAN,Months,2025-08-13,TD22,2025-10-01,30.7407,8.3
OCEAN,Spot,2025-08-13,TD25,2025-08-01,30.32,140.83
OCEAN,Balmo,2025-08-13,TD25,2025-08-01,29.89,138.84
OCEAN,Months,2025-08-13,TD25,2025-08-01,31.29,145.33
OCEAN,Months,2025-08-13,TD25,2025-09-01,30.32,140.83
OCEAN,Months,2025-08-13,TD25,2025-10-01,31.77,147.58
OCEAN,Months,2025-08-13,TD3C,2025-11-01,14.13,65.5
OCEAN,Months,2025-08-13,TD3C,2025-12-01,14.13,65.5
OCEAN,Months,2025-08-13,TD3C,2026-01-01,66.5,308.16
OCEAN,Months,2025-08-13,TD3C,2026-02-01,66.5,308.16
OCEAN,Months,2025-08-13,TD3C,2026-03-01,66.5,308.16
OCEAN,Months,2025-08-13,TD3C,2026-04-01,12.1,56.07
OCEAN,Months,2025-08-13,TD3C,2026-05-01,12.1,56.07
OCEAN,Months,2025-08-13,TD3C,2026-06-01,12.1,56.07
OCEAN,Months,2025-08-13,TD3C,2026-07-01,10.5,48.66
OCEAN,Months,2025-08-13,TD3C,2026-08-01,10.5,48.66
OCEAN,Months,2025-08-13,TD3C,2026-09-01,10.5,48.66
OCEAN,Months,2025-08-13,TD20,2025-11-01,16.47,97.0
OCEAN,Months,2025-08-13,TD20,2025-12-01,16.47,97.0
OCEAN,Months,2025-08-13,TD20,2026-01-01,14.57,85.81
OCEAN,Months,2025-08-13,TD20,2026-02-01,14.57,85.81
OCEAN,Months,2025-08-13,TD20,2026-03-01,14.57,85.81
OCEAN,Months,2025-08-13,TD20,2026-04-01,13.07,76.97
OCEAN,Months,2025-08-13,TD20,2026-05-01,13.07,76.97
OCEAN,Months,2025-08-13,TD20,2026-06-01,13.07,76.97
OCEAN,Months,2025-08-13,TD20,2026-07-01,11.1,65.37
OCEAN,Months,2025-08-13,TD20,2026-08-01,11.1,65.37
OCEAN,Months,2025-08-13,TD20,2026-09-01,11.1,65.37
OCEAN,Months,2025-08-13,TD22,2025-11-01,31.8519,8.6
OCEAN,Months,2025-08-13,TD22,2025-12-01,31.8519,8.6
OCEAN,Months,2025-08-13,TD22,2026-01-01,26.8519,7.25
OCEAN,Months,2025-08-13,TD22,2026-02-01,26.8519,7.25
OCEAN,Months,2025-08-13,TD22,2026-03-01,26.8519,7.25
OCEAN,Months,2025-08-13,TD22,2026-04-01,25.5556,6.9
OCEAN,Months,2025-08-13,TD22,2026-05-01,25.5556,6.9
OCEAN,Months,2025-08-13,TD22,2026-06-01,25.5556,6.9
OCEAN,Months,2025-08-13,TD22,2026-07-01,25.1852,6.8
OCEAN,Months,2025-08-13,TD22,2026-08-01,25.1852,6.8
OCEAN,Months,2025-08-13,TD22,2026-09-01,25.1852,6.8
OCEAN,Months,2025-08-13,TD25,2025-11-01,31.94,148.33
OCEAN,Months,2025-08-13,TD25,2025-12-01,31.94,148.33
OCEAN,Months,2025-08-13,TD25,2026-01-01,27.48,127.64
OCEAN,Months,2025-08-13,TD25,2026-02-01,27.48,127.64
OCEAN,Months,2025-08-13,TD25,2026-03-01,27.48,127.64
OCEAN,Months,2025-08-13,TD25,2026-04-01,24.68,114.63
OCEAN,Months,2025-08-13,TD25,2026-05-01,24.68,114.63
OCEAN,Months,2025-08-13,TD25,2026-06-01,24.68,114.63
OCEAN,Months,2025-08-13,TD25,2026-07-01,22.48,104.41
OCEAN,Months,2025-08-13,TD25,2026-08-01,22.48,104.41
OCEAN,Months,2025-08-13,TD25,2026-09-01,22.48,104.41
OCEAN,Months,2025-08-13,TD3C,2026-10-01,12.0,55.61
OCEAN,Months,2025-08-13,TD3C,2026-11-01,12.0,55.61
OCEAN,Months,2025-08-13,TD3C,2026-12-01,12.0,55.61
OCEAN,Months,2025-08-13,TD3C,2027-01-01,11.0,50.97
OCEAN,Months,2025-08-13,TD3C,2027-02-01,11.0,50.97
OCEAN,Months,2025-08-13,TD3C,2027-03-01,11.0,50.97
OCEAN,Months,2025-08-13,TD3C,2027-04-01,11.0,50.97
OCEAN,Months,2025-08-13,TD3C,2027-05-01,11.0,50.97
OCEAN,Months,2025-08-13,TD3C,2027-06-01,11.0,50.97
OCEAN,Months,2025-08-13,TD3C,2027-07-01,11.0,50.97
OCEAN,Months,2025-08-13,TD3C,2027-08-01,11.0,50.97
OCEAN,Months,2025-08-13,TD3C,2027-09-01,11.0,50.97
OCEAN,Months,2025-08-13,TD3C,2027-10-01,11.0,50.97
OCEAN,Months,2025-08-13,TD3C,2027-11-01,11.0,50.97
OCEAN,Months,2025-08-13,TD3C,2027-12-01,11.0,50.97
OCEAN,Months,2025-08-13,TD20,2026-10-01,12.95,76.27
OCEAN,Months,2025-08-13,TD20,2026-11-01,12.95,76.27
OCEAN,Months,2025-08-13,TD20,2026-12-01,12.95,76.27
OCEAN,Months,2025-08-13,TD20,2027-01-01,11.5,67.73
OCEAN,Months,2025-08-13,TD20,2027-02-01,11.5,67.73
OCEAN,Months,2025-08-13,TD20,2027-03-01,11.5,67.73
OCEAN,Months,2025-08-13,TD20,2027-04-01,11.5,67.73
OCEAN,Months,2025-08-13,TD20,2027-05-01,11.5,67.73
OCEAN,Months,2025-08-13,TD20,2027-06-01,11.5,67.73
OCEAN,Months,2025-08-13,TD20,2027-07-01,11.5,67.73
OCEAN,Months,2025-08-13,TD20,2027-08-01,11.5,67.73
OCEAN,Months,2025-08-13,TD20,2027-09-01,11.5,67.73
OCEAN,Months,2025-08-13,TD20,2027-10-01,11.5,67.73
OCEAN,Months,2025-08-13,TD20,2027-11-01,11.5,67.73
OCEAN,Months,2025-08-13,TD20,2027-12-01,11.5,67.73
OCEAN,Months,2025-08-13,TD22,2026-10-01,25.9259,7.0
OCEAN,Months,2025-08-13,TD22,2026-11-01,25.9259,7.0
OCEAN,Months,2025-08-13,TD22,2026-12-01,25.9259,7.0
OCEAN,Months,2025-08-13,TD22,2027-01-01,24.4444,6.6
OCEAN,Months,2025-08-13,TD22,2027-02-01,24.4444,6.6
OCEAN,Months,2025-08-13,TD22,2027-03-01,24.4444,6.6
OCEAN,Months,2025-08-13,TD22,2027-04-01,24.4444,6.6
OCEAN,Months,2025-08-13,TD22,2027-05-01,24.4444,6.6
OCEAN,Months,2025-08-13,TD22,2027-06-01,24.4444,6.6
OCEAN,Months,2025-08-13,TD22,2027-07-01,24.4444,6.6
OCEAN,Months,2025-08-13,TD22,2027-08-01,24.4444,6.6
OCEAN,Months,2025-08-13,TD22,2027-09-01,24.4444,6.6
OCEAN,Months,2025-08-13,TD22,2027-10-01,24.4444,6.6
OCEAN,Months,2025-08-13,TD22,2027-11-01,24.4444,6.6
OCEAN,Months,2025-08-13,TD22,2027-12-01,24.4444,6.6
OCEAN,Months,2025-08-13,TD25,2026-10-01,24.7,114.75
OCEAN,Months,2025-08-13,TD25,2026-11-01,24.7,114.75
OCEAN,Months,2025-08-13,TD25,2026-12-01,24.7,114.75
OCEAN,Months,2025-08-13,TD25,2027-01-01,22.98,106.73
OCEAN,Months,2025-08-13,TD25,2027-02-01,22.98,106.73
OCEAN,Months,2025-08-13,TD25,2027-03-01,22.98,106.73
OCEAN,Months,2025-08-13,TD25,2027-04-01,22.98,106.73
OCEAN,Months,2025-08-13,TD25,2027-05-01,22.98,106.73
OCEAN,Months,2025-08-13,TD25,2027-06-01,22.98,106.73
OCEAN,Months,2025-08-13,TD25,2027-07-01,22.98,106.73
OCEAN,Months,2025-08-13,TD25,2027-08-01,22.98,106.73
OCEAN,Months,2025-08-13,TD25,2027-09-01,22.98,106.73
OCEAN,Months,2025-08-13,TD25,2027-10-01,22.98,106.73
OCEAN,Months,2025-08-13,TD25,2027-11-01,22.98,106.73
OCEAN,Months,2025-08-13,TD25,2027-12-01,22.98,106.73
OCEAN,Spot,2025-08-14,TD3C,2025-08-01,12.1106,56.1
OCEAN,Balmo,2025-08-14,TD3C,2025-08-01,12.2,56.53
OCEAN,Months,2025-08-14,TD3C,2025-08-01,11.83,54.8
OCEAN,Months,2025-08-14,TD3C,2025-09-01,12.95,60.0
OCEAN,Months,2025-08-14,TD3C,2025-10-01,13.81,64.0
OCEAN,Spot,2025-08-14,TD20,2025-08-01,17.9678,105.83
OCEAN,Balmo,2025-08-14,TD20,2025-08-01,16.3,95.98
OCEAN,Months,2025-08-14,TD20,2025-08-01,17.36,102.25
OCEAN,Months,2025-08-14,TD20,2025-09-01,15.71,92.5
OCEAN,Months,2025-08-14,TD20,2025-10-01,16.13,95.0
OCEAN,Spot,2025-08-14,TD22,2025-08-01,26.3,7.1
OCEAN,Balmo,2025-08-14,TD22,2025-08-01,26.6162,7.1864
OCEAN,Months,2025-08-14,TD22,2025-08-01,26.2963,7.1
OCEAN,Months,2025-08-14,TD22,2025-09-01,30.5556,8.25
OCEAN,Months,2025-08-14,TD22,2025-10-01,30.7407,8.3
OCEAN,Spot,2025-08-14,TD25,2025-08-01,30.36,140.99
OCEAN,Balmo,2025-08-14,TD25,2025-08-01,28.82,133.84
OCEAN,Months,2025-08-14,TD25,2025-08-01,30.84,143.24
OCEAN,Months,2025-08-14,TD25,2025-09-01,30.14,139.99
OCEAN,Months,2025-08-14,TD25,2025-10-01,31.76,147.49
OCEAN,Months,2025-08-14,TD3C,2025-11-01,14.24,66.0
OCEAN,Months,2025-08-14,TD3C,2025-12-01,14.24,66.0
OCEAN,Months,2025-08-14,TD3C,2026-01-01,12.85,59.55
OCEAN,Months,2025-08-14,TD3C,2026-02-01,12.85,59.55
OCEAN,Months,2025-08-14,TD3C,2026-03-01,12.85,59.55
OCEAN,Months,2025-08-14,TD3C,2026-04-01,12.1,56.07
OCEAN,Months,2025-08-14,TD3C,2026-05-01,12.1,56.07
OCEAN,Months,2025-08-14,TD3C,2026-06-01,12.1,56.07
OCEAN,Months,2025-08-14,TD3C,2026-07-01,10.5,48.66
OCEAN,Months,2025-08-14,TD3C,2026-08-01,10.5,48.66
OCEAN,Months,2025-08-14,TD3C,2026-09-01,10.5,48.66
OCEAN,Months,2025-08-14,TD20,2025-11-01,16.39,96.5
OCEAN,Months,2025-08-14,TD20,2025-12-01,16.39,96.5
OCEAN,Months,2025-08-14,TD20,2026-01-01,14.25,83.92
OCEAN,Months,2025-08-14,TD20,2026-02-01,14.25,83.92
OCEAN,Months,2025-08-14,TD20,2026-03-01,14.25,83.92
OCEAN,Months,2025-08-14,TD20,2026-04-01,12.75,75.09
OCEAN,Months,2025-08-14,TD20,2026-05-01,12.75,75.09
OCEAN,Months,2025-08-14,TD20,2026-06-01,12.75,75.09
OCEAN,Months,2025-08-14,TD20,2026-07-01,11.1,65.37
OCEAN,Months,2025-08-14,TD20,2026-08-01,11.1,65.37
OCEAN,Months,2025-08-14,TD20,2026-09-01,11.1,65.37
OCEAN,Months,2025-08-14,TD22,2025-11-01,31.8519,8.6
OCEAN,Months,2025-08-14,TD22,2025-12-01,31.8519,8.6
OCEAN,Months,2025-08-14,TD22,2026-01-01,26.8519,7.25
OCEAN,Months,2025-08-14,TD22,2026-02-01,26.8519,7.25
OCEAN,Months,2025-08-14,TD22,2026-03-01,26.8519,7.25
OCEAN,Months,2025-08-14,TD22,2026-04-01,25.5556,6.9
OCEAN,Months,2025-08-14,TD22,2026-05-01,25.5556,6.9
OCEAN,Months,2025-08-14,TD22,2026-06-01,25.5556,6.9
OCEAN,Months,2025-08-14,TD22,2026-07-01,25.1852,6.8
OCEAN,Months,2025-08-14,TD22,2026-08-01,25.1852,6.8
OCEAN,Months,2025-08-14,TD22,2026-09-01,25.1852,6.8
OCEAN,Months,2025-08-14,TD25,2025-11-01,31.86,147.99
OCEAN,Months,2025-08-14,TD25,2025-12-01,31.86,147.99
OCEAN,Months,2025-08-14,TD25,2026-01-01,27.73,128.8
OCEAN,Months,2025-08-14,TD25,2026-02-01,27.73,128.8
OCEAN,Months,2025-08-14,TD25,2026-03-01,27.73,128.8
OCEAN,Months,2025-08-14,TD25,2026-04-01,24.73,114.86
OCEAN,Months,2025-08-14,TD25,2026-05-01,24.73,114.86
OCEAN,Months,2025-08-14,TD25,2026-06-01,24.73,114.86
OCEAN,Months,2025-08-14,TD25,2026-07-01,22.53,104.64
OCEAN,Months,2025-08-14,TD25,2026-08-01,22.53,104.64
OCEAN,Months,2025-08-14,TD25,2026-09-01,22.53,104.64
OCEAN,Months,2025-08-14,TD3C,2026-10-01,12.0,55.61
OCEAN,Months,2025-08-14,TD3C,2026-11-01,12.0,55.61
OCEAN,Months,2025-08-14,TD3C,2026-12-01,12.0,55.61
OCEAN,Months,2025-08-14,TD3C,2027-01-01,11.0,50.97
OCEAN,Months,2025-08-14,TD3C,2027-02-01,11.0,50.97
OCEAN,Months,2025-08-14,TD3C,2027-03-01,11.0,50.97
OCEAN,Months,2025-08-14,TD3C,2027-04-01,11.0,50.97
OCEAN,Months,2025-08-14,TD3C,2027-05-01,11.0,50.97
OCEAN,Months,2025-08-14,TD3C,2027-06-01,11.0,50.97
OCEAN,Months,2025-08-14,TD3C,2027-07-01,11.0,50.97
OCEAN,Months,2025-08-14,TD3C,2027-08-01,11.0,50.97
OCEAN,Months,2025-08-14,TD3C,2027-09-01,11.0,50.97
OCEAN,Months,2025-08-14,TD3C,2027-10-01,11.0,50.97
OCEAN,Months,2025-08-14,TD3C,2027-11-01,11.0,50.97
OCEAN,Months,2025-08-14,TD3C,2027-12-01,11.0,50.97
OCEAN,Months,2025-08-14,TD20,2026-10-01,12.7,74.79
OCEAN,Months,2025-08-14,TD20,2026-11-01,12.7,74.79
OCEAN,Months,2025-08-14,TD20,2026-12-01,12.7,74.79
OCEAN,Months,2025-08-14,TD20,2027-01-01,11.5,67.73
OCEAN,Months,2025-08-14,TD20,2027-02-01,11.5,67.73
OCEAN,Months,2025-08-14,TD20,2027-03-01,11.5,67.73
OCEAN,Months,2025-08-14,TD20,2027-04-01,11.5,67.73
OCEAN,Months,2025-08-14,TD20,2027-05-01,11.5,67.73
OCEAN,Months,2025-08-14,TD20,2027-06-01,11.5,67.73
OCEAN,Months,2025-08-14,TD20,2027-07-01,11.5,67.73
OCEAN,Months,2025-08-14,TD20,2027-08-01,11.5,67.73
OCEAN,Months,2025-08-14,TD20,2027-09-01,11.5,67.73
OCEAN,Months,2025-08-14,TD20,2027-10-01,11.5,67.73
OCEAN,Months,2025-08-14,TD20,2027-11-01,11.5,67.73
OCEAN,Months,2025-08-14,TD20,2027-12-01,11.5,67.73
OCEAN,Months,2025-08-14,TD22,2026-10-01,25.9259,7.0
OCEAN,Months,2025-08-14,TD22,2026-11-01,25.9259,7.0
OCEAN,Months,2025-08-14,TD22,2026-12-01,25.9259,7.0
OCEAN,Months,2025-08-14,TD22,2027-01-01,24.4444,6.6
OCEAN,Months,2025-08-14,TD22,2027-02-01,24.4444,6.6
OCEAN,Months,2025-08-14,TD22,2027-03-01,24.4444,6.6
OCEAN,Months,2025-08-14,TD22,2027-04-01,24.4444,6.6
OCEAN,Months,2025-08-14,TD22,2027-05-01,24.4444,6.6
OCEAN,Months,2025-08-14,TD22,2027-06-01,24.4444,6.6
OCEAN,Months,2025-08-14,TD22,2027-07-01,24.4444,6.6
OCEAN,Months,2025-08-14,TD22,2027-08-01,24.4444,6.6
OCEAN,Months,2025-08-14,TD22,2027-09-01,24.4444,6.6
OCEAN,Months,2025-08-14,TD22,2027-10-01,24.4444,6.6
OCEAN,Months,2025-08-14,TD22,2027-11-01,24.4444,6.6
OCEAN,Months,2025-08-14,TD22,2027-12-01,24.4444,6.6
OCEAN,Months,2025-08-14,TD25,2026-10-01,24.81,115.23
OCEAN,Months,2025-08-14,TD25,2026-11-01,24.81,115.23
OCEAN,Months,2025-08-14,TD25,2026-12-01,24.81,115.23
OCEAN,Months,2025-08-14,TD25,2027-01-01,23.03,106.97
OCEAN,Months,2025-08-14,TD25,2027-02-01,23.03,106.97
OCEAN,Months,2025-08-14,TD25,2027-03-01,23.03,106.97
OCEAN,Months,2025-08-14,TD25,2027-04-01,23.03,106.97
OCEAN,Months,2025-08-14,TD25,2027-05-01,23.03,106.97
OCEAN,Months,2025-08-14,TD25,2027-06-01,23.03,106.97
OCEAN,Months,2025-08-14,TD25,2027-07-01,23.03,106.97
OCEAN,Months,2025-08-14,TD25,2027-08-01,23.03,106.97
OCEAN,Months,2025-08-14,TD25,2027-09-01,23.03,106.97
OCEAN,Months,2025-08-14,TD25,2027-10-01,23.03,106.97
OCEAN,Months,2025-08-14,TD25,2027-11-01,23.03,106.97
OCEAN,Months,2025-08-14,TD25,2027-12-01,23.03,106.97
OCEAN,Spot,2025-08-15,TD3C,2025-08-01,12.0995,56.05
OCEAN,Balmo,2025-08-15,TD3C,2025-08-01,12.52,58.02
OCEAN,Months,2025-08-15,TD3C,2025-08-01,11.97,55.45
OCEAN,Months,2025-08-15,TD3C,2025-09-01,12.95,60.0
OCEAN,Months,2025-08-15,TD3C,2025-10-01,13.92,64.5
OCEAN,Spot,2025-08-15,TD20,2025-08-01,17.7771,104.72
OCEAN,Balmo,2025-08-15,TD20,2025-08-01,16.6,97.79
OCEAN,Months,2025-08-15,TD20,2025-08-01,17.57,103.5
OCEAN,Months,2025-08-15,TD20,2025-09-01,15.96,94.0
OCEAN,Months,2025-08-15,TD20,2025-10-01,16.13,95.0
OCEAN,Spot,2025-08-15,TD22,2025-08-01,26.48,7.15
OCEAN,Balmo,2025-08-15,TD22,2025-08-01,27.0185,7.295
OCEAN,Months,2025-08-15,TD22,2025-08-01,26.4815,7.15
OCEAN,Months,2025-08-15,TD22,2025-09-01,30.5556,8.25
OCEAN,Months,2025-08-15,TD22,2025-10-01,30.7407,8.3
OCEAN,Spot,2025-08-15,TD25,2025-08-01,29.28,135.99
OCEAN,Balmo,2025-08-15,TD25,2025-08-01,29.33,136.25
OCEAN,Months,2025-08-15,TD25,2025-08-01,31.11,144.49
OCEAN,Months,2025-08-15,TD25,2025-09-01,30.36,140.99
OCEAN,Months,2025-08-15,TD25,2025-10-01,31.86,147.99
OCEAN,Months,2025-08-15,TD3C,2025-11-01,14.24,66.0
OCEAN,Months,2025-08-15,TD3C,2025-12-01,14.24,66.0
OCEAN,Months,2025-08-15,TD3C,2026-01-01,12.85,59.55
OCEAN,Months,2025-08-15,TD3C,2026-02-01,12.85,59.55
OCEAN,Months,2025-08-15,TD3C,2026-03-01,12.85,59.55
OCEAN,Months,2025-08-15,TD3C,2026-04-01,12.1,56.07
OCEAN,Months,2025-08-15,TD3C,2026-05-01,12.1,56.07
OCEAN,Months,2025-08-15,TD3C,2026-06-01,12.1,56.07
OCEAN,Months,2025-08-15,TD3C,2026-07-01,10.5,48.66
OCEAN,Months,2025-08-15,TD3C,2026-08-01,10.5,48.66
OCEAN,Months,2025-08-15,TD3C,2026-09-01,10.5,48.66
OCEAN,Months,2025-08-15,TD20,2025-11-01,16.47,97.0
OCEAN,Months,2025-08-15,TD20,2025-12-01,16.47,97.0
OCEAN,Months,2025-08-15,TD20,2026-01-01,14.25,83.92
OCEAN,Months,2025-08-15,TD20,2026-02-01,14.25,83.92
OCEAN,Months,2025-08-15,TD20,2026-03-01,14.25,83.92
OCEAN,Months,2025-08-15,TD20,2026-04-01,12.75,75.09
OCEAN,Months,2025-08-15,TD20,2026-05-01,12.75,75.09
OCEAN,Months,2025-08-15,TD20,2026-06-01,12.75,75.09
OCEAN,Months,2025-08-15,TD20,2026-07-01,11.1,65.37
OCEAN,Months,2025-08-15,TD20,2026-08-01,11.1,65.37
OCEAN,Months,2025-08-15,TD20,2026-09-01,11.1,65.37
OCEAN,Months,2025-08-15,TD22,2025-11-01,31.8519,8.6
OCEAN,Months,2025-08-15,TD22,2025-12-01,31.8519,8.6
OCEAN,Months,2025-08-15,TD22,2026-01-01,26.8519,7.25
OCEAN,Months,2025-08-15,TD22,2026-02-01,26.8519,7.25
OCEAN,Months,2025-08-15,TD22,2026-03-01,26.8519,7.25
OCEAN,Months,2025-08-15,TD22,2026-04-01,25.5556,6.9
OCEAN,Months,2025-08-15,TD22,2026-05-01,25.5556,6.9
OCEAN,Months,2025-08-15,TD22,2026-06-01,25.5556,6.9
OCEAN,Months,2025-08-15,TD22,2026-07-01,25.1852,6.8
OCEAN,Months,2025-08-15,TD22,2026-08-01,25.1852,6.8
OCEAN,Months,2025-08-15,TD22,2026-09-01,25.1852,6.8
OCEAN,Months,2025-08-15,TD25,2025-11-01,32.19,149.49
OCEAN,Months,2025-08-15,TD25,2025-12-01,32.19,149.49
OCEAN,Months,2025-08-15,TD25,2026-01-01,27.98,129.96
OCEAN,Months,2025-08-15,TD25,2026-02-01,27.98,129.96
OCEAN,Months,2025-08-15,TD25,2026-03-01,27.98,129.96
OCEAN,Months,2025-08-15,TD25,2026-04-01,25.48,118.35
OCEAN,Months,2025-08-15,TD25,2026-05-01,25.48,118.35
OCEAN,Months,2025-08-15,TD25,2026-06-01,25.48,118.35
OCEAN,Months,2025-08-15,TD25,2026-07-01,23.23,107.89
OCEAN,Months,2025-08-15,TD25,2026-08-01,23.23,107.89
OCEAN,Months,2025-08-15,TD25,2026-09-01,23.23,107.89
OCEAN,Months,2025-08-15,TD3C,2026-10-01,12.0,55.61
OCEAN,Months,2025-08-15,TD3C,2026-11-01,12.0,55.61
OCEAN,Months,2025-08-15,TD3C,2026-12-01,12.0,55.61
OCEAN,Months,2025-08-15,TD3C,2027-01-01,11.0,50.97
OCEAN,Months,2025-08-15,TD3C,2027-02-01,11.0,50.97
OCEAN,Months,2025-08-15,TD3C,2027-03-01,11.0,50.97
OCEAN,Months,2025-08-15,TD3C,2027-04-01,11.0,50.97
OCEAN,Months,2025-08-15,TD3C,2027-05-01,11.0,50.97
OCEAN,Months,2025-08-15,TD3C,2027-06-01,11.0,50.97
OCEAN,Months,2025-08-15,TD3C,2027-07-01,11.0,50.97
OCEAN,Months,2025-08-15,TD3C,2027-08-01,11.0,50.97
OCEAN,Months,2025-08-15,TD3C,2027-09-01,11.0,50.97
OCEAN,Months,2025-08-15,TD3C,2027-10-01,11.0,50.97
OCEAN,Months,2025-08-15,TD3C,2027-11-01,11.0,50.97
OCEAN,Months,2025-08-15,TD3C,2027-12-01,11.0,50.97
OCEAN,Months,2025-08-15,TD20,2026-10-01,12.7,74.79
OCEAN,Months,2025-08-15,TD20,2026-11-01,12.7,74.79
OCEAN,Months,2025-08-15,TD20,2026-12-01,12.7,74.79
OCEAN,Months,2025-08-15,TD20,2027-01-01,11.5,67.73
OCEAN,Months,2025-08-15,TD20,2027-02-01,11.5,67.73
OCEAN,Months,2025-08-15,TD20,2027-03-01,11.5,67.73
OCEAN,Months,2025-08-15,TD20,2027-04-01,11.5,67.73
OCEAN,Months,2025-08-15,TD20,2027-05-01,11.5,67.73
OCEAN,Months,2025-08-15,TD20,2027-06-01,11.5,67.73
OCEAN,Months,2025-08-15,TD20,2027-07-01,11.5,67.73
OCEAN,Months,2025-08-15,TD20,2027-08-01,11.5,67.73
OCEAN,Months,2025-08-15,TD20,2027-09-01,11.5,67.73
OCEAN,Months,2025-08-15,TD20,2027-10-01,11.5,67.73
OCEAN,Months,2025-08-15,TD20,2027-11-01,11.5,67.73
OCEAN,Months,2025-08-15,TD20,2027-12-01,11.5,67.73
OCEAN,Months,2025-08-15,TD22,2026-10-01,25.9259,7.0
OCEAN,Months,2025-08-15,TD22,2026-11-01,25.9259,7.0
OCEAN,Months,2025-08-15,TD22,2026-12-01,25.9259,7.0
OCEAN,Months,2025-08-15,TD22,2027-01-01,24.4444,6.6
OCEAN,Months,2025-08-15,TD22,2027-02-01,24.4444,6.6
OCEAN,Months,2025-08-15,TD22,2027-03-01,24.4444,6.6
OCEAN,Months,2025-08-15,TD22,2027-04-01,24.4444,6.6
OCEAN,Months,2025-08-15,TD22,2027-05-01,24.4444,6.6
OCEAN,Months,2025-08-15,TD22,2027-06-01,24.4444,6.6
OCEAN,Months,2025-08-15,TD22,2027-07-01,24.4444,6.6
OCEAN,Months,2025-08-15,TD22,2027-08-01,24.4444,6.6
OCEAN,Months,2025-08-15,TD22,2027-09-01,24.4444,6.6
OCEAN,Months,2025-08-15,TD22,2027-10-01,24.4444,6.6
OCEAN,Months,2025-08-15,TD22,2027-11-01,24.4444,6.6
OCEAN,Months,2025-08-15,TD22,2027-12-01,24.4444,6.6
OCEAN,Months,2025-08-15,TD25,2026-10-01,25.23,117.18
OCEAN,Months,2025-08-15,TD25,2026-11-01,25.23,117.18
OCEAN,Months,2025-08-15,TD25,2026-12-01,25.23,117.18
OCEAN,Months,2025-08-15,TD25,2027-01-01,23.23,107.89
OCEAN,Months,2025-08-15,TD25,2027-02-01,23.23,107.89
OCEAN,Months,2025-08-15,TD25,2027-03-01,23.23,107.89
OCEAN,Months,2025-08-15,TD25,2027-04-01,23.23,107.89
OCEAN,Months,2025-08-15,TD25,2027-05-01,23.23,107.89
OCEAN,Months,2025-08-15,TD25,2027-06-01,23.23,107.89
OCEAN,Months,2025-08-15,TD25,2027-07-01,23.23,107.89
OCEAN,Months,2025-08-15,TD25,2027-08-01,23.23,107.89
OCEAN,Months,2025-08-15,TD25,2027-09-01,23.23,107.89
OCEAN,Months,2025-08-15,TD25,2027-10-01,23.23,107.89
OCEAN,Months,2025-08-15,TD25,2027-11-01,23.23,107.89
OCEAN,Months,2025-08-15,TD25,2027-12-01,23.23,107.89
OCEAN,Spot,2025-08-18,TD3C,2025-08-01,12.3162,57.05
OCEAN,Balmo,2025-08-18,TD3C,2025-08-01,12.52,58.02
OCEAN,Months,2025-08-18,TD3C,2025-08-01,11.96,55.4
OCEAN,Months,2025-08-18,TD3C,2025-09-01,13.06,60.5
OCEAN,Months,2025-08-18,TD3C,2025-10-01,13.92,64.5
OCEAN,Spot,2025-08-18,TD20,2025-08-01,17.7771,104.72
OCEAN,Balmo,2025-08-18,TD20,2025-08-01,16.46,96.92
OCEAN,Months,2025-08-18,TD20,2025-08-01,17.57,103.5
OCEAN,Months,2025-08-18,TD20,2025-09-01,15.79,93.0
OCEAN,Months,2025-08-18,TD20,2025-10-01,16.13,95.0
OCEAN,Spot,2025-08-18,TD22,2025-08-01,26.85,7.25
OCEAN,Balmo,2025-08-18,TD22,2025-08-01,28.3333,7.65
OCEAN,Months,2025-08-18,TD22,2025-08-01,27.037,7.3
OCEAN,Months,2025-08-18,TD22,2025-09-01,30.5556,8.25
OCEAN,Months,2025-08-18,TD22,2025-10-01,30.7407,8.3
OCEAN,Spot,2025-08-18,TD25,2025-08-01,29.8,138.4
OCEAN,Balmo,2025-08-18,TD25,2025-08-01,29.46,136.85
OCEAN,Months,2025-08-18,TD25,2025-08-01,31.28,145.29
OCEAN,Months,2025-08-18,TD25,2025-09-01,30.77,142.9
OCEAN,Months,2025-08-18,TD25,2025-10-01,31.84,147.9
OCEAN,Months,2025-08-18,TD3C,2025-11-01,14.16,65.6
OCEAN,Months,2025-08-18,TD3C,2025-12-01,14.16,65.6
OCEAN,Months,2025-08-18,TD3C,2026-01-01,12.9,59.78
OCEAN,Months,2025-08-18,TD3C,2026-02-01,12.9,59.78
OCEAN,Months,2025-08-18,TD3C,2026-03-01,12.9,59.78
OCEAN,Months,2025-08-18,TD3C,2026-04-01,12.1,56.07
OCEAN,Months,2025-08-18,TD3C,2026-05-01,12.1,56.07
OCEAN,Months,2025-08-18,TD3C,2026-06-01,12.1,56.07
OCEAN,Months,2025-08-18,TD3C,2026-07-01,10.4,48.19
OCEAN,Months,2025-08-18,TD3C,2026-08-01,10.4,48.19
OCEAN,Months,2025-08-18,TD3C,2026-09-01,10.4,48.19
OCEAN,Months,2025-08-18,TD20,2025-11-01,16.47,97.0
OCEAN,Months,2025-08-18,TD20,2025-12-01,16.47,97.0
OCEAN,Months,2025-08-18,TD20,2026-01-01,14.25,83.92
OCEAN,Months,2025-08-18,TD20,2026-02-01,14.25,83.92
OCEAN,Months,2025-08-18,TD20,2026-03-01,14.25,83.92
OCEAN,Months,2025-08-18,TD20,2026-04-01,12.75,75.09
OCEAN,Months,2025-08-18,TD20,2026-05-01,12.75,75.09
OCEAN,Months,2025-08-18,TD20,2026-06-01,12.75,75.09
OCEAN,Months,2025-08-18,TD20,2026-07-01,11.1,65.37
OCEAN,Months,2025-08-18,TD20,2026-08-01,11.1,65.37
OCEAN,Months,2025-08-18,TD20,2026-09-01,11.1,65.37
OCEAN,Months,2025-08-18,TD22,2025-11-01,31.8519,8.6
OCEAN,Months,2025-08-18,TD22,2025-12-01,31.8519,8.6
OCEAN,Months,2025-08-18,TD22,2026-01-01,26.8519,7.25
OCEAN,Months,2025-08-18,TD22,2026-02-01,26.8519,7.25
OCEAN,Months,2025-08-18,TD22,2026-03-01,26.8519,7.25
OCEAN,Months,2025-08-18,TD22,2026-04-01,25.5556,6.9
OCEAN,Months,2025-08-18,TD22,2026-05-01,25.5556,6.9
OCEAN,Months,2025-08-18,TD22,2026-06-01,25.5556,6.9
OCEAN,Months,2025-08-18,TD22,2026-07-01,25.1852,6.8
OCEAN,Months,2025-08-18,TD22,2026-08-01,25.1852,6.8
OCEAN,Months,2025-08-18,TD22,2026-09-01,25.1852,6.8
OCEAN,Months,2025-08-18,TD25,2025-11-01,32.06,148.9
OCEAN,Months,2025-08-18,TD25,2025-12-01,32.06,148.9
OCEAN,Months,2025-08-18,TD25,2026-01-01,27.95,129.82
OCEAN,Months,2025-08-18,TD25,2026-02-01,27.95,129.82
OCEAN,Months,2025-08-18,TD25,2026-03-01,27.95,129.82
OCEAN,Months,2025-08-18,TD25,2026-04-01,25.45,118.21
OCEAN,Months,2025-08-18,TD25,2026-05-01,25.45,118.21
OCEAN,Months,2025-08-18,TD25,2026-06-01,25.45,118.21
OCEAN,Months,2025-08-18,TD25,2026-07-01,23.2,107.76
OCEAN,Months,2025-08-18,TD25,2026-08-01,23.2,107.76
OCEAN,Months,2025-08-18,TD25,2026-09-01,23.2,107.76
OCEAN,Months,2025-08-18,TD3C,2026-10-01,12.0,55.61
OCEAN,Months,2025-08-18,TD3C,2026-11-01,12.0,55.61
OCEAN,Months,2025-08-18,TD3C,2026-12-01,12.0,55.61
OCEAN,Months,2025-08-18,TD3C,2027-01-01,11.0,50.97
OCEAN,Months,2025-08-18,TD3C,2027-02-01,11.0,50.97
OCEAN,Months,2025-08-18,TD3C,2027-03-01,11.0,50.97
OCEAN,Months,2025-08-18,TD3C,2027-04-01,11.0,50.97
OCEAN,Months,2025-08-18,TD3C,2027-05-01,11.0,50.97
OCEAN,Months,2025-08-18,TD3C,2027-06-01,11.0,50.97
OCEAN,Months,2025-08-18,TD3C,2027-07-01,11.0,50.97
OCEAN,Months,2025-08-18,TD3C,2027-08-01,11.0,50.97
OCEAN,Months,2025-08-18,TD3C,2027-09-01,11.0,50.97
OCEAN,Months,2025-08-18,TD3C,2027-10-01,11.0,50.97
OCEAN,Months,2025-08-18,TD3C,2027-11-01,11.0,50.97
OCEAN,Months,2025-08-18,TD3C,2027-12-01,11.0,50.97
OCEAN,Months,2025-08-18,TD20,2026-10-01,12.7,74.79
OCEAN,Months,2025-08-18,TD20,2026-11-01,12.7,74.79
OCEAN,Months,2025-08-18,TD20,2026-12-01,12.7,74.79
OCEAN,Months,2025-08-18,TD20,2027-01-01,11.5,67.73
OCEAN,Months,2025-08-18,TD20,2027-02-01,11.5,67.73
OCEAN,Months,2025-08-18,TD20,2027-03-01,11.5,67.73
OCEAN,Months,2025-08-18,TD20,2027-04-01,11.5,67.73
OCEAN,Months,2025-08-18,TD20,2027-05-01,11.5,67.73
OCEAN,Months,2025-08-18,TD20,2027-06-01,11.5,67.73
OCEAN,Months,2025-08-18,TD20,2027-07-01,11.5,67.73
OCEAN,Months,2025-08-18,TD20,2027-08-01,11.5,67.73
OCEAN,Months,2025-08-18,TD20,2027-09-01,11.5,67.73
OCEAN,Months,2025-08-18,TD20,2027-10-01,11.5,67.73
OCEAN,Months,2025-08-18,TD20,2027-11-01,11.5,67.73
OCEAN,Months,2025-08-18,TD20,2027-12-01,11.5,67.73
OCEAN,Months,2025-08-18,TD22,2026-10-01,25.9259,7.0
OCEAN,Months,2025-08-18,TD22,2026-11-01,25.9259,7.0
OCEAN,Months,2025-08-18,TD22,2026-12-01,25.9259,7.0
OCEAN,Months,2025-08-18,TD25,2026-10-01,25.2,117.05
OCEAN,Months,2025-08-18,TD25,2026-11-01,25.2,117.05
OCEAN,Months,2025-08-18,TD25,2026-12-01,25.2,117.05
OCEAN,Spot,2025-08-19,TD3C,2025-08-01,12.5263,58.03
OCEAN,Balmo,2025-08-19,TD3C,2025-08-01,13.35,61.88
OCEAN,Months,2025-08-19,TD3C,2025-08-01,12.25,56.75
OCEAN,Months,2025-08-19,TD3C,2025-09-01,13.49,62.5
OCEAN,Months,2025-08-19,TD3C,2025-10-01,14.24,66.0
OCEAN,Spot,2025-08-19,TD20,2025-08-01,18.4909,108.89
OCEAN,Balmo,2025-08-19,TD20,2025-08-01,17.86,105.21
OCEAN,Months,2025-08-19,TD20,2025-08-01,18.17,107.0
OCEAN,Months,2025-08-19,TD20,2025-09-01,16.9,99.5
OCEAN,Months,2025-08-19,TD20,2025-10-01,16.47,97.0
OCEAN,Spot,2025-08-19,TD22,2025-08-01,27.96,7.55
OCEAN,Balmo,2025-08-19,TD22,2025-08-01,28.3796,7.6625
OCEAN,Months,2025-08-19,TD22,2025-08-01,27.037,7.3
OCEAN,Months,2025-08-19,TD22,2025-09-01,30.5556,8.25
OCEAN,Months,2025-08-19,TD22,2025-10-01,30.7407,8.3
OCEAN,Spot,2025-08-19,TD25,2025-08-01,29.81,138.46
OCEAN,Balmo,2025-08-19,TD25,2025-08-01,30.95,143.75
OCEAN,Months,2025-08-19,TD25,2025-08-01,31.89,148.11
OCEAN,Months,2025-08-19,TD25,2025-09-01,31.86,147.96
OCEAN,Months,2025-08-19,TD25,2025-10-01,32.07,148.96
OCEAN,Months,2025-08-19,TD3C,2025-11-01,14.46,67.0
OCEAN,Months,2025-08-19,TD3C,2025-12-01,14.46,67.0
OCEAN,Months,2025-08-19,TD3C,2026-01-01,13.0,60.24
OCEAN,Months,2025-08-19,TD3C,2026-02-01,13.0,60.24
OCEAN,Months,2025-08-19,TD3C,2026-03-01,13.0,60.24
OCEAN,Months,2025-08-19,TD3C,2026-04-01,12.25,56.77
OCEAN,Months,2025-08-19,TD3C,2026-05-01,12.25,56.77
OCEAN,Months,2025-08-19,TD3C,2026-06-01,12.25,56.77
OCEAN,Months,2025-08-19,TD3C,2026-07-01,10.73,49.7
OCEAN,Months,2025-08-19,TD3C,2026-08-01,10.73,49.7
OCEAN,Months,2025-08-19,TD3C,2026-09-01,10.73,49.7
OCEAN,Months,2025-08-19,TD20,2025-11-01,16.92,99.67
OCEAN,Months,2025-08-19,TD20,2025-12-01,16.92,99.67
OCEAN,Months,2025-08-19,TD20,2026-01-01,14.25,83.92
OCEAN,Months,2025-08-19,TD20,2026-02-01,14.25,83.92
OCEAN,Months,2025-08-19,TD20,2026-03-01,14.25,83.92
OCEAN,Months,2025-08-19,TD20,2026-04-01,12.75,75.09
OCEAN,Months,2025-08-19,TD20,2026-05-01,12.75,75.09
OCEAN,Months,2025-08-19,TD20,2026-06-01,12.75,75.09
OCEAN,Months,2025-08-19,TD20,2026-07-01,11.1,65.37
OCEAN,Months,2025-08-19,TD20,2026-08-01,11.1,65.37
OCEAN,Months,2025-08-19,TD20,2026-09-01,11.1,65.37
OCEAN,Months,2025-08-19,TD22,2025-11-01,31.8519,8.6
OCEAN,Months,2025-08-19,TD22,2025-12-01,31.8519,8.6
OCEAN,Months,2025-08-19,TD22,2026-01-01,26.8519,7.25
OCEAN,Months,2025-08-19,TD22,2026-02-01,26.8519,7.25
OCEAN,Months,2025-08-19,TD22,2026-03-01,26.8519,7.25
OCEAN,Months,2025-08-19,TD22,2026-04-01,25.5556,6.9
OCEAN,Months,2025-08-19,TD22,2026-05-01,25.5556,6.9
OCEAN,Months,2025-08-19,TD22,2026-06-01,25.5556,6.9
OCEAN,Months,2025-08-19,TD22,2026-07-01,25.1852,6.8
OCEAN,Months,2025-08-19,TD22,2026-08-01,25.1852,6.8
OCEAN,Months,2025-08-19,TD22,2026-09-01,25.1852,6.8
OCEAN,Months,2025-08-19,TD25,2025-11-01,32.5,150.96
OCEAN,Months,2025-08-19,TD25,2025-12-01,32.5,150.96
OCEAN,Months,2025-08-19,TD25,2026-01-01,28.97,134.56
OCEAN,Months,2025-08-19,TD25,2026-02-01,28.97,134.56
OCEAN,Months,2025-08-19,TD25,2026-03-01,28.97,134.56
OCEAN,Months,2025-08-19,TD25,2026-04-01,25.97,120.62
OCEAN,Months,2025-08-19,TD25,2026-05-01,25.97,120.62
OCEAN,Months,2025-08-19,TD25,2026-06-01,25.97,120.62
OCEAN,Months,2025-08-19,TD25,2026-07-01,23.47,109.01
OCEAN,Months,2025-08-19,TD25,2026-08-01,23.47,109.01
OCEAN,Months,2025-08-19,TD25,2026-09-01,23.47,109.01
OCEAN,Months,2025-08-19,TD3C,2026-10-01,12.2,56.53
OCEAN,Months,2025-08-19,TD3C,2026-11-01,12.2,56.53
OCEAN,Months,2025-08-19,TD3C,2026-12-01,12.2,56.53
OCEAN,Months,2025-08-19,TD3C,2027-01-01,11.0,50.97
OCEAN,Months,2025-08-19,TD3C,2027-02-01,11.0,50.97
OCEAN,Months,2025-08-19,TD3C,2027-03-01,11.0,50.97
OCEAN,Months,2025-08-19,TD3C,2027-04-01,11.0,50.97
OCEAN,Months,2025-08-19,TD3C,2027-05-01,11.0,50.97
OCEAN,Months,2025-08-19,TD3C,2027-06-01,11.0,50.97
OCEAN,Months,2025-08-19,TD3C,2027-07-01,11.0,50.97
OCEAN,Months,2025-08-19,TD3C,2027-08-01,11.0,50.97
OCEAN,Months,2025-08-19,TD3C,2027-09-01,11.0,50.97
OCEAN,Months,2025-08-19,TD3C,2027-10-01,11.0,50.97
OCEAN,Months,2025-08-19,TD3C,2027-11-01,11.0,50.97
OCEAN,Months,2025-08-19,TD3C,2027-12-01,11.0,50.97
OCEAN,Months,2025-08-19,TD20,2026-10-01,12.81,75.44
OCEAN,Months,2025-08-19,TD20,2026-11-01,12.81,75.44
OCEAN,Months,2025-08-19,TD20,2026-12-01,12.81,75.44
OCEAN,Months,2025-08-19,TD20,2027-01-01,11.5,67.73
OCEAN,Months,2025-08-19,TD20,2027-02-01,11.5,67.73
OCEAN,Months,2025-08-19,TD20,2027-03-01,11.5,67.73
OCEAN,Months,2025-08-19,TD20,2027-04-01,11.5,67.73
OCEAN,Months,2025-08-19,TD20,2027-05-01,11.5,67.73
OCEAN,Months,2025-08-19,TD20,2027-06-01,11.5,67.73
OCEAN,Months,2025-08-19,TD20,2027-07-01,11.5,67.73
OCEAN,Months,2025-08-19,TD20,2027-08-01,11.5,67.73
OCEAN,Months,2025-08-19,TD20,2027-09-01,11.5,67.73
OCEAN,Months,2025-08-19,TD20,2027-10-01,11.5,67.73
OCEAN,Months,2025-08-19,TD20,2027-11-01,11.5,67.73
OCEAN,Months,2025-08-19,TD20,2027-12-01,11.5,67.73
OCEAN,Months,2025-08-19,TD22,2026-10-01,25.9259,7.0
OCEAN,Months,2025-08-19,TD22,2026-11-01,25.9259,7.0
OCEAN,Months,2025-08-19,TD22,2026-12-01,25.9259,7.0
OCEAN,Months,2025-08-19,TD22,2027-01-01,24.4444,6.6
OCEAN,Months,2025-08-19,TD22,2027-02-01,24.4444,6.6
OCEAN,Months,2025-08-19,TD22,2027-03-01,24.4444,6.6
OCEAN,Months,2025-08-19,TD22,2027-04-01,24.4444,6.6
OCEAN,Months,2025-08-19,TD22,2027-05-01,24.4444,6.6
OCEAN,Months,2025-08-19,TD22,2027-06-01,24.4444,6.6
OCEAN,Months,2025-08-19,TD22,2027-07-01,24.4444,6.6
OCEAN,Months,2025-08-19,TD22,2027-08-01,24.4444,6.6
OCEAN,Months,2025-08-19,TD22,2027-09-01,24.4444,6.6
OCEAN,Months,2025-08-19,TD22,2027-10-01,24.4444,6.6
OCEAN,Months,2025-08-19,TD22,2027-11-01,24.4444,6.6
OCEAN,Months,2025-08-19,TD22,2027-12-01,24.4444,6.6
OCEAN,Months,2025-08-19,TD25,2026-10-01,25.62,119.0
OCEAN,Months,2025-08-19,TD25,2026-11-01,25.62,119.0
OCEAN,Months,2025-08-19,TD25,2026-12-01,25.62,119.0
OCEAN,Months,2025-08-19,TD25,2027-01-01,23.32,108.31
OCEAN,Months,2025-08-19,TD25,2027-02-01,23.32,108.31
OCEAN,Months,2025-08-19,TD25,2027-03-01,23.32,108.31
OCEAN,Months,2025-08-19,TD25,2027-04-01,23.32,108.31
OCEAN,Months,2025-08-19,TD25,2027-05-01,23.32,108.31
OCEAN,Months,2025-08-19,TD25,2027-06-01,23.32,108.31
OCEAN,Months,2025-08-19,TD25,2027-07-01,23.32,108.31
OCEAN,Months,2025-08-19,TD25,2027-08-01,23.32,108.31
OCEAN,Months,2025-08-19,TD25,2027-09-01,23.32,108.31
OCEAN,Months,2025-08-19,TD25,2027-10-01,23.32,108.31
OCEAN,Months,2025-08-19,TD25,2027-11-01,23.32,108.31
OCEAN,Months,2025-08-19,TD25,2027-12-01,23.32,108.31
